Handle,Title,Type,Tags,Published,Option1 Name,Option1 Value,Variant SKU,Variant Grams,Variant Inventory Tracker,Variant Inventory Qty,Variant Inventory Policy,Variant Fulfillment Service,Variant Price,Variant Compare At Price,Variant Requires Shipping,Variant Taxable,Unit Price Total Measure,Unit Price Total Measure Unit,Unit Price Base Measure,Unit Price Base Measure Unit,Variant Barcode,Image Src,Image Position,Image Alt Text,Gift Card,SEO Title,SEO Description,Google Shopping / Google Product Category,Google Shopping / Gender,Google Shopping / Age Group,Google Shopping / MPN,Google Shopping / Condition,Google Shopping / Custom Product,Google Shopping / Custom Label 0,Google Shopping / Custom Label 1,Google Shopping / Custom Label 2,Google Shopping / Custom Label 3,Google Shopping / Custom Label 4,Google: Custom Product (product.metafields.mm-google-shopping.custom_product),Product rating count (product.metafields.reviews.rating_count),Back type (product.metafields.shopify.back-type),Color (product.metafields.shopify.color-pattern),Decoration material (product.metafields.shopify.decoration-material),Dinnerware pieces included (product.metafields.shopify.dinnerware-pieces-included),Furniture/Fixture material (product.metafields.shopify.furniture-fixture-material),Mount/Stand features (product.metafields.shopify.mount-stand-features),Seat type (product.metafields.shopify.seat-type),Shape (product.metafields.shopify.shape),Tableware material (product.metafields.shopify.tableware-material),Complementary products (product.metafields.shopify--discovery--product_recommendation.complementary_products),Related products (product.metafields.shopify--discovery--product_recommendation.related_products),Related products settings (product.metafields.shopify--discovery--product_recommendation.related_products_display),Search product boosts (product.metafields.shopify--discovery--product_search_boost.queries),Variant Image,Variant Weight Unit,Variant Tax Code,Cost per item,Status
shadow-fern-deep-plate,Shadow Fern Deep Plate,Serving Platters,,TRUE,Serving Size,Pack Of 4,DP4#5070,0,shopify,20,deny,manual,1580,,TRUE,TRUE,,,,,,https://cdn.shopify.com/s/files/1/0910/2642/4090/files/12_b859ae70-3b7b-4508-93af-007dd68af2c4.jpg?v=1767878734,1,,FALSE,,,3553,,,,,,,,,,,,,,black; floral,,,,,,round,melamine,,,,,,kg,,,active
shadow-fern-deep-plate,,,,,,Pack Of 6,DP6#5070,0,shopify,20,deny,manual,1890,,TRUE,TRUE,,,,,,https://cdn.shopify.com/s/files/1/0910/2642/4090/files/11_4173b8f9-f2d0-42ad-8a02-4eb840f19c1d.jpg?v=1767878734,2,,,,,,,,,,,,,,,,,,,,,,,,,,,,,,,,kg,,,
shadow-fern-deep-plate,,,,,,Pack Of 8,DP8#5070,0,shopify,20,deny,manual,2210,,TRUE,TRUE,,,,,,https://cdn.shopify.com/s/files/1/0910/2642/4090/files/DSC09818copy.jpg?v=1767878734,3,,,,,,,,,,,,,,,,,,,,,,,,,,,,,,,,kg,,,
shadow-fern-deep-plate,,,,,,,,,,,,,,,,,,,,,,https://cdn.shopify.com/s/files/1/0910/2642/4090/files/3_607d4674-6518-4fbe-bcbe-3a00cfa8dbb8.jpg?v=1767878734,4,,,,,,,,,,,,,,,,,,,,,,,,,,,,,,,,,,,
shadow-fern-deep-plate,,,,,,,,,,,,,,,,,,,,,,https://cdn.shopify.com/s/files/1/0910/2642/4090/files/DSC09840copy_f51beb52-4078-4f68-9b41-85b79b50dee4.jpg?v=1767878715,5,,,,,,,,,,,,,,,,,,,,,,,,,,,,,,,,,,,
shadow-fern-quarter-plate,Shadow Fern Quarter Plate,Serving Platters,,TRUE,Serving Size,Pack Of 4,QP4#5070,0,shopify,10,deny,manual,1350,,TRUE,TRUE,,,,,,https://cdn.shopify.com/s/files/1/0910/2642/4090/files/9_77c7bd93-396a-4234-83e1-533f71568802.jpg?v=1767878451,1,,FALSE,,,3553,,,,,,,,,,,,,,black,,,,,,round,melamine,,,,,,kg,,,active
shadow-fern-quarter-plate,,,,,,Pack Of 6,QP6#5070,0,shopify,10,deny,manual,1600,,TRUE,TRUE,,,,,,https://cdn.shopify.com/s/files/1/0910/2642/4090/files/10_6f982c22-d8e8-4d72-b788-78ba2cace143.jpg?v=1767878451,2,,,,,,,,,,,,,,,,,,,,,,,,,,,,,,,,kg,,,
shadow-fern-quarter-plate,,,,,,Pack Of 8,QP8#5070,0,shopify,10,deny,manual,1850,,TRUE,TRUE,,,,,,https://cdn.shopify.com/s/files/1/0910/2642/4090/files/DSC09832copy.jpg?v=1767878451,3,,,,,,,,,,,,,,,,,,,,,,,,,,,,,,,,kg,,,
shadow-fern-quarter-plate,,,,,,,,,,,,,,,,,,,,,,https://cdn.shopify.com/s/files/1/0910/2642/4090/files/2_2c7a2707-a57b-4731-992c-4f9161259d35.jpg?v=1767878451,4,,,,,,,,,,,,,,,,,,,,,,,,,,,,,,,,,,,
shadow-fern-quarter-plate,,,,,,,,,,,,,,,,,,,,,,https://cdn.shopify.com/s/files/1/0910/2642/4090/files/DSC09840copy_63237829-3862-44e2-8e8c-3d11ad74a5fe.jpg?v=1767878436,5,,,,,,,,,,,,,,,,,,,,,,,,,,,,,,,,,,,
shadow-fern-rice-plate,Shadow Fern Rice Plate,Serving Platters,,TRUE,Serving Size,Pack Of 4,RP4#5070,0,shopify,20,deny,manual,2099,,TRUE,TRUE,,,,,,https://cdn.shopify.com/s/files/1/0910/2642/4090/files/7_72809fb6-b590-46da-9bee-463ce1fb5ca8.jpg?v=1767878054,1,,FALSE,,,3553,,,,,,,,,,,,,,black; floral,,,,,,round,melamine,,,,,,kg,,,active
shadow-fern-rice-plate,,,,,,Pack Of 6,RP6#5070,0,shopify,20,deny,manual,2730,,TRUE,TRUE,,,,,,https://cdn.shopify.com/s/files/1/0910/2642/4090/files/8_ebc52711-7d8d-4b43-a0bb-89c0c892d468.jpg?v=1767878054,2,,,,,,,,,,,,,,,,,,,,,,,,,,,,,,,,kg,,,
shadow-fern-rice-plate,,,,,,Pack Of 8,RP8#5070,0,shopify,20,deny,manual,3360,,TRUE,TRUE,,,,,,https://cdn.shopify.com/s/files/1/0910/2642/4090/files/DSC09813copy.jpg?v=1767878054,3,,,,,,,,,,,,,,,,,,,,,,,,,,,,,,,,kg,,,
shadow-fern-rice-plate,,,,,,,,,,,,,,,,,,,,,,https://cdn.shopify.com/s/files/1/0910/2642/4090/files/1_4f47f511-eb90-4065-93ae-69c7a998e9a2.jpg?v=1767878054,4,,,,,,,,,,,,,,,,,,,,,,,,,,,,,,,,,,,
shadow-fern-rice-plate,,,,,,,,,,,,,,,,,,,,,,https://cdn.shopify.com/s/files/1/0910/2642/4090/files/DSC09840copy.jpg?v=1767878022,5,,,,,,,,,,,,,,,,,,,,,,,,,,,,,,,,,,,
midnight-fern-quarter-plate,Midnight Fern Quarter Plate,Serving Platters,,TRUE,Serving Size,Pack Of 4,QP4#5068,0,shopify,10,deny,manual,1350,,TRUE,TRUE,,,,,,https://cdn.shopify.com/s/files/1/0910/2642/4090/files/5_bbe24bca-46d7-433a-a60f-efbbd0bb0c16.jpg?v=1767877543,1,,FALSE,,,3553,,,,,,,,,,,,,,black,,,,,,round,melamine,,,,,,kg,,,active
midnight-fern-quarter-plate,,,,,,Pack Of 6,QP6#5068,0,shopify,10,deny,manual,1600,,TRUE,TRUE,,,,,,https://cdn.shopify.com/s/files/1/0910/2642/4090/files/6_cbb82062-de2e-482d-b42c-664e3c716fa6.jpg?v=1767877543,2,,,,,,,,,,,,,,,,,,,,,,,,,,,,,,,,kg,,,
midnight-fern-quarter-plate,,,,,,Pack Of 8,QP8#5068,0,shopify,10,deny,manual,1850,,TRUE,TRUE,,,,,,https://cdn.shopify.com/s/files/1/0910/2642/4090/files/DSC09908copy.jpg?v=1767877543,3,,,,,,,,,,,,,,,,,,,,,,,,,,,,,,,,kg,,,
midnight-fern-quarter-plate,,,,,,,,,,,,,,,,,,,,,,https://cdn.shopify.com/s/files/1/0910/2642/4090/files/2_39de4c2d-2b4f-49a9-8a16-a94db0c5ac66.jpg?v=1767877543,4,,,,,,,,,,,,,,,,,,,,,,,,,,,,,,,,,,,
midnight-fern-quarter-plate,,,,,,,,,,,,,,,,,,,,,,https://cdn.shopify.com/s/files/1/0910/2642/4090/files/DSC09893copy_1b2e7e06-57ba-426f-a5e0-db2152ff10f3.jpg?v=1767877543,5,,,,,,,,,,,,,,,,,,,,,,,,,,,,,,,,,,,
midnight-fern-deep-plate,Midnight Fern Deep Plate,Serving Platters,,TRUE,Serving Size,Pack Of 4,DP4#5068,0,shopify,20,deny,manual,1580,,TRUE,TRUE,,,,,,https://cdn.shopify.com/s/files/1/0910/2642/4090/files/3_c9802360-27a0-4266-bf7e-daef4f38b84a.jpg?v=1767876928,1,,FALSE,,,3553,,,,,,,,,,,,,,black,,,,,,round,melamine,,,,,,kg,,,active
midnight-fern-deep-plate,,,,,,Pack Of 6,DP6#5068,0,shopify,20,deny,manual,1890,,TRUE,TRUE,,,,,,https://cdn.shopify.com/s/files/1/0910/2642/4090/files/4_8f3e6c36-4eca-48c1-8345-49fbb60ca87a.jpg?v=1767876928,2,,,,,,,,,,,,,,,,,,,,,,,,,,,,,,,,kg,,,
midnight-fern-deep-plate,,,,,,Pack Of 8,DP8#5068,0,shopify,20,deny,manual,2210,,TRUE,TRUE,,,,,,https://cdn.shopify.com/s/files/1/0910/2642/4090/files/Deep3.jpg?v=1767876928,3,,,,,,,,,,,,,,,,,,,,,,,,,,,,,,,,kg,,,
midnight-fern-deep-plate,,,,,,,,,,,,,,,,,,,,,,https://cdn.shopify.com/s/files/1/0910/2642/4090/files/DSC09893copy_75e9e034-febc-463d-9623-e6ff6a5124e3.jpg?v=1767876928,4,,,,,,,,,,,,,,,,,,,,,,,,,,,,,,,,,,,
midnight-fern-deep-plate,,,,,,,,,,,,,,,,,,,,,,https://cdn.shopify.com/s/files/1/0910/2642/4090/files/DSC09919copy.jpg?v=1767876928,5,,,,,,,,,,,,,,,,,,,,,,,,,,,,,,,,,,,
midnight-fern-rice-plate,Midnight Fern Rice Plate,Serving Platters,,TRUE,Serving Size,Pack Of 4,RP4#5068,0,shopify,20,deny,manual,2099,,TRUE,TRUE,,,,,,https://cdn.shopify.com/s/files/1/0910/2642/4090/files/1_8cc1a522-dc15-4ba8-948c-3ac1998e7113.jpg?v=1767876739,1,,FALSE,,,3553,,,,,,,,,,,,,,black; floral,,,,,,round,melamine,,,,,,kg,,,active
midnight-fern-rice-plate,,,,,,Pack Of 6,RP6#5068,0,shopify,20,deny,manual,2730,,TRUE,TRUE,,,,,,https://cdn.shopify.com/s/files/1/0910/2642/4090/files/2_2232dae7-52af-4b0c-8fd3-1b149139ab98.jpg?v=1767876739,2,,,,,,,,,,,,,,,,,,,,,,,,,,,,,,,,kg,,,
midnight-fern-rice-plate,,,,,,Pack Of 8,RP8#5068,0,shopify,20,deny,manual,3360,,TRUE,TRUE,,,,,,https://cdn.shopify.com/s/files/1/0910/2642/4090/files/DSC09900copy.jpg?v=1767876928,3,,,,,,,,,,,,,,,,,,,,,,,,,,,,,,,,kg,,,
midnight-fern-rice-plate,,,,,,,,,,,,,,,,,,,,,,https://cdn.shopify.com/s/files/1/0910/2642/4090/files/Rice.jpg?v=1767876928,4,,,,,,,,,,,,,,,,,,,,,,,,,,,,,,,,,,,
midnight-fern-rice-plate,,,,,,,,,,,,,,,,,,,,,,https://cdn.shopify.com/s/files/1/0910/2642/4090/files/DSC09893copy.jpg?v=1767876928,5,,,,,,,,,,,,,,,,,,,,,,,,,,,,,,,,,,,
eclipse-shade-quarter-plate,Eclipse Shade Quarter Plate,Serving Platters,,TRUE,Serving Size,Pack Of 4,QP4#5069,0,shopify,8,deny,manual,1350,,TRUE,TRUE,,,,,,https://cdn.shopify.com/s/files/1/0910/2642/4090/files/16_231da55b-6246-47aa-888c-bd73bcd15666.jpg?v=1767875646,1,,FALSE,,,3553,,,,,,,,,,,,,,black,,,,,,round,melamine,,,,,,kg,,,active
eclipse-shade-quarter-plate,,,,,,Pack Of 6,QP6#5069,0,shopify,8,deny,manual,1600,,TRUE,TRUE,,,,,,https://cdn.shopify.com/s/files/1/0910/2642/4090/files/15_6d0d8fc9-b5db-44f2-bca8-90bf4bb7906f.jpg?v=1767875646,2,,,,,,,,,,,,,,,,,,,,,,,,,,,,,,,,kg,,,
eclipse-shade-quarter-plate,,,,,,Pack Of 8,QP8#5069,0,shopify,8,deny,manual,1850,,TRUE,TRUE,,,,,,https://cdn.shopify.com/s/files/1/0910/2642/4090/files/DSC09859copy_03db9bb1-1b5a-4ee2-8936-276b68bf5bb2.jpg?v=1767875646,3,,,,,,,,,,,,,,,,,,,,,,,,,,,,,,,,kg,,,
eclipse-shade-quarter-plate,,,,,,,,,,,,,,,,,,,,,,https://cdn.shopify.com/s/files/1/0910/2642/4090/files/2_c9e6f8a9-5224-43d9-bd9b-0d40b39c5e4b.jpg?v=1767875646,4,,,,,,,,,,,,,,,,,,,,,,,,,,,,,,,,,,,
eclipse-shade-quarter-plate,,,,,,,,,,,,,,,,,,,,,,https://cdn.shopify.com/s/files/1/0910/2642/4090/files/DSC09855copy_8da2a4c0-bd69-4c37-911a-aae2861fc4f5.jpg?v=1767875646,5,,,,,,,,,,,,,,,,,,,,,,,,,,,,,,,,,,,
eclipse-shade-deep-plate-copy,Eclipse Shade Rice Plate,Serving Platters,,TRUE,Serving Size,Pack Of 4,RP4#5069,0,shopify,20,deny,manual,2099,,TRUE,TRUE,,,,,,https://cdn.shopify.com/s/files/1/0910/2642/4090/files/13_19fc4dc0-cc4a-45e0-a2bb-5b95b3d9cc1e.jpg?v=1767874824,1,,FALSE,,,3553,,,,,,,,,,,,,,black,,,,,,round,melamine,,,,,,kg,,,active
eclipse-shade-deep-plate-copy,,,,,,Pack Of 6,RP6#5069,0,shopify,20,deny,manual,2730,,TRUE,TRUE,,,,,,https://cdn.shopify.com/s/files/1/0910/2642/4090/files/14_028a0a89-466e-4d25-9025-1ae99e4abbb1.jpg?v=1767874824,2,,,,,,,,,,,,,,,,,,,,,,,,,,,,,,,,kg,,,
eclipse-shade-deep-plate-copy,,,,,,Pack Of 8,RP8#5069,0,shopify,20,deny,manual,3360,,TRUE,TRUE,,,,,,https://cdn.shopify.com/s/files/1/0910/2642/4090/files/DSC09875copy.jpg?v=1767874824,3,,,,,,,,,,,,,,,,,,,,,,,,,,,,,,,,kg,,,
eclipse-shade-deep-plate-copy,,,,,,,,,,,,,,,,,,,,,,https://cdn.shopify.com/s/files/1/0910/2642/4090/files/1_aa409bc9-747e-407b-810d-39956db9f8f5.jpg?v=1767874824,4,,,,,,,,,,,,,,,,,,,,,,,,,,,,,,,,,,,
eclipse-shade-deep-plate-copy,,,,,,,,,,,,,,,,,,,,,,https://cdn.shopify.com/s/files/1/0910/2642/4090/files/DSC09855copy_34891e30-ca0d-47da-a6aa-f62c5bb98253.jpg?v=1767874824,5,,,,,,,,,,,,,,,,,,,,,,,,,,,,,,,,,,,
violet-bloom-deep-plates-copy,Eclipse Shade Deep Plate,Serving Platters,,TRUE,Serving Size,Pack Of 4,DP4#5069,0,shopify,20,deny,manual,1580,,TRUE,TRUE,,,,,,https://cdn.shopify.com/s/files/1/0910/2642/4090/files/17_ef7bd35a-6b59-4d3d-96cf-806280952b0d.jpg?v=1767874264,1,,FALSE,,,3553,,,,,,,,,,,,,,,,,,,,round,melamine,,,,,,kg,,,active
violet-bloom-deep-plates-copy,,,,,,Pack Of 6,DP6#5069,0,shopify,20,deny,manual,1890,,TRUE,TRUE,,,,,,https://cdn.shopify.com/s/files/1/0910/2642/4090/files/18_86d4b322-0d8a-4154-8e02-c736410480c5.jpg?v=1767874264,2,,,,,,,,,,,,,,,,,,,,,,,,,,,,,,,,kg,,,
violet-bloom-deep-plates-copy,,,,,,Pack Of 8,DP8#5069,0,shopify,20,deny,manual,2210,,TRUE,TRUE,,,,,,https://cdn.shopify.com/s/files/1/0910/2642/4090/files/DSC09868copy_5125828f-7ad4-4543-bda4-241cff81e3fe.jpg?v=1767874264,3,,,,,,,,,,,,,,,,,,,,,,,,,,,,,,,,kg,,,
violet-bloom-deep-plates-copy,,,,,,,,,,,,,,,,,,,,,,https://cdn.shopify.com/s/files/1/0910/2642/4090/files/3_de6abf02-1c4f-40e8-a4b1-a5c0a2c3cba4.jpg?v=1767874264,4,,,,,,,,,,,,,,,,,,,,,,,,,,,,,,,,,,,
violet-bloom-deep-plates-copy,,,,,,,,,,,,,,,,,,,,,,https://cdn.shopify.com/s/files/1/0910/2642/4090/files/DSC09855copy_175f314f-c68e-48b1-b025-9e2d33698dfb.jpg?v=1767874264,5,,,,,,,,,,,,,,,,,,,,,,,,,,,,,,,,,,,
lemon-squares-rice-plates,Lemon Squares Rice Plates,Serving Platters,,TRUE,Serving Size,Pack Of 4,RP4#5067,0,shopify,3,deny,manual,2099,,TRUE,TRUE,,,,,,https://cdn.shopify.com/s/files/1/0910/2642/4090/files/DSC03638_2f329bb1-aceb-4139-872e-ba667e057ce1.jpg?v=1766135528,1,,FALSE,,,3553,,,,,,,,,,,,,,checkered,,,,,,round,melamine,lemon-squares-deep-plate,,,,,kg,,,active
lemon-squares-rice-plates,,,,,,Pack Of 6,RP6#5067,0,shopify,1,deny,manual,2730,,TRUE,TRUE,,,,,,https://cdn.shopify.com/s/files/1/0910/2642/4090/files/1_00506785-8e3f-42ea-a933-b29895416d8d.jpg?v=1766135528,2,,,,,,,,,,,,,,,,,,,,,,,,,,,,,,,,kg,,,
lemon-squares-rice-plates,,,,,,Pack Of 8,RP8#5067,0,shopify,1,deny,manual,3360,,TRUE,TRUE,,,,,,https://cdn.shopify.com/s/files/1/0910/2642/4090/files/2_2064551b-513a-4e98-8d27-f4ac7ca73948.jpg?v=1766135528,3,,,,,,,,,,,,,,,,,,,,,,,,,,,,,,,,kg,,,
lemon-squares-rice-plates,,,,,,,,,,,,,,,,,,,,,,https://cdn.shopify.com/s/files/1/0910/2642/4090/files/3_f5db072c-dc66-42fd-b986-61e2ae9a43ee.jpg?v=1766135528,4,,,,,,,,,,,,,,,,,,,,,,,,,,,,,,,,,,,
lemon-squares-quarter-plate,Lemon Squares Quarter Plate,Serving Platters,,TRUE,Serving Size,Pack Of 4,QP4#5067,0,shopify,10,deny,manual,1350,,TRUE,TRUE,,,,,,https://cdn.shopify.com/s/files/1/0910/2642/4090/files/DSC03576_706c0222-1549-43c9-b26c-80effa56bc90.jpg?v=1766135617,1,,FALSE,,,3553,,,,,,,,,,,,,,checkered,,,,,,round,melamine,,,,,,kg,,,active
lemon-squares-quarter-plate,,,,,,Pack Of 6,QP6#5067,0,shopify,7,deny,manual,1600,,TRUE,TRUE,,,,,,https://cdn.shopify.com/s/files/1/0910/2642/4090/files/7_b724ca3a-81aa-4dd2-8718-5a8ca89b9908.jpg?v=1766135617,2,,,,,,,,,,,,,,,,,,,,,,,,,,,,,,,,kg,,,
lemon-squares-quarter-plate,,,,,,Pack Of 8,QP8#5067,0,shopify,10,deny,manual,1850,,TRUE,TRUE,,,,,,https://cdn.shopify.com/s/files/1/0910/2642/4090/files/8_7c81ec23-77eb-4849-80dc-7331c8246182.jpg?v=1766135617,3,,,,,,,,,,,,,,,,,,,,,,,,,,,,,,,,kg,,,
lemon-squares-quarter-plate,,,,,,,,,,,,,,,,,,,,,,https://cdn.shopify.com/s/files/1/0910/2642/4090/files/9_34b31fc8-32b6-480c-8c05-35d4e5860605.jpg?v=1766135617,4,,,,,,,,,,,,,,,,,,,,,,,,,,,,,,,,,,,
lemon-squares-deep-plate,Lemon Squares Deep Plate,Serving Platters,,TRUE,Serving Size,Pack Of 4,DP4#5067,0,shopify,9,deny,manual,1580,,TRUE,TRUE,,,,,,https://cdn.shopify.com/s/files/1/0910/2642/4090/files/DSC03566_d66ed76b-c58c-4d31-be16-6082fd5db6c3.jpg?v=1766135647,1,,FALSE,,,3553,,,,,,,,,,,,,,checkered,,,,,,round,melamine,lemon-squares-rice-plates,,,,,kg,,,active
lemon-squares-deep-plate,,,,,,Pack Of 6,DP6#5067,0,shopify,6,deny,manual,1890,,TRUE,TRUE,,,,,,https://cdn.shopify.com/s/files/1/0910/2642/4090/files/4_16495f57-5bf5-4553-9372-3acf54e6397c.jpg?v=1766135647,2,,,,,,,,,,,,,,,,,,,,,,,,,,,,,,,,kg,,,
lemon-squares-deep-plate,,,,,,Pack Of 8,DP8#5067,0,shopify,8,deny,manual,2210,,TRUE,TRUE,,,,,,https://cdn.shopify.com/s/files/1/0910/2642/4090/files/5_0536d90b-17e8-4e26-91f1-ff407beeb4ce.jpg?v=1766135647,3,,,,,,,,,,,,,,,,,,,,,,,,,,,,,,,,kg,,,
lemon-squares-deep-plate,,,,,,,,,,,,,,,,,,,,,,https://cdn.shopify.com/s/files/1/0910/2642/4090/files/6_865bd784-32c7-40ac-ad38-25073ea1196b.jpg?v=1766135647,4,,,,,,,,,,,,,,,,,,,,,,,,,,,,,,,,,,,
lemon-squares-dinner-set,Lemon Squares Dinner Set,Dinnerware Sets,,TRUE,Serving Size,4 Person Serving Dinner Set = 22 PCS,DS4#5067,0,shopify,5,deny,manual,5780,,TRUE,TRUE,,,,,,https://cdn.shopify.com/s/files/1/0910/2642/4090/files/1080x1080.jpg?v=1765870154,1,,FALSE,,,5537,,,,,,,,,,,,,,checkered,,bowls; dinner-plates; salad-plate,,,,,melamine,,,,,,kg,,,active
lemon-squares-dinner-set,,,,,,6 Person Serving Dinner Set = 30 PCS,DS6#5067,0,shopify,5,deny,manual,7880,,TRUE,TRUE,,,,,,https://cdn.shopify.com/s/files/1/0910/2642/4090/files/DSC03641.jpg?v=1765870155,2,,,,,,,,,,,,,,,,,,,,,,,,,,,,,,,,kg,,,
lemon-squares-dinner-set,,,,,,8 Person Serving Dinner Set = 43 PCS,DS8#5067,0,shopify,5,deny,manual,10499,,TRUE,TRUE,,,,,,https://cdn.shopify.com/s/files/1/0910/2642/4090/files/DSC03564.jpg?v=1765870154,3,,,,,,,,,,,,,,,,,,,,,,,,,,,,,,,,kg,,,
lemon-squares-dinner-set,,,,,,,,,,,,,,,,,,,,,,https://cdn.shopify.com/s/files/1/0910/2642/4090/files/DSC03566.jpg?v=1765870154,4,,,,,,,,,,,,,,,,,,,,,,,,,,,,,,,,,,,
lemon-squares-dinner-set,,,,,,,,,,,,,,,,,,,,,,https://cdn.shopify.com/s/files/1/0910/2642/4090/files/DSC03574.jpg?v=1765870154,5,,,,,,,,,,,,,,,,,,,,,,,,,,,,,,,,,,,
lemon-squares-dinner-set,,,,,,,,,,,,,,,,,,,,,,https://cdn.shopify.com/s/files/1/0910/2642/4090/files/DSC03576.jpg?v=1765870154,6,,,,,,,,,,,,,,,,,,,,,,,,,,,,,,,,,,,
lemon-squares-dinner-set,,,,,,,,,,,,,,,,,,,,,,https://cdn.shopify.com/s/files/1/0910/2642/4090/files/DSC03586.jpg?v=1765870155,7,,,,,,,,,,,,,,,,,,,,,,,,,,,,,,,,,,,
lemon-squares-dinner-set,,,,,,,,,,,,,,,,,,,,,,https://cdn.shopify.com/s/files/1/0910/2642/4090/files/DSC03588.jpg?v=1765870154,8,,,,,,,,,,,,,,,,,,,,,,,,,,,,,,,,,,,
lemon-squares-dinner-set,,,,,,,,,,,,,,,,,,,,,,https://cdn.shopify.com/s/files/1/0910/2642/4090/files/DSC03598copy.jpg?v=1765870155,9,,,,,,,,,,,,,,,,,,,,,,,,,,,,,,,,,,,
lemon-squares-dinner-set,,,,,,,,,,,,,,,,,,,,,,https://cdn.shopify.com/s/files/1/0910/2642/4090/files/DSC03666.jpg?v=1765870155,10,,,,,,,,,,,,,,,,,,,,,,,,,,,,,,,,,,,
lemon-squares-dinner-set,,,,,,,,,,,,,,,,,,,,,,https://cdn.shopify.com/s/files/1/0910/2642/4090/files/DSC03599.jpg?v=1765870155,11,,,,,,,,,,,,,,,,,,,,,,,,,,,,,,,,,,,
lemon-squares-dinner-set,,,,,,,,,,,,,,,,,,,,,,https://cdn.shopify.com/s/files/1/0910/2642/4090/files/DSC03607.jpg?v=1765870155,12,,,,,,,,,,,,,,,,,,,,,,,,,,,,,,,,,,,
lemon-squares-dinner-set,,,,,,,,,,,,,,,,,,,,,,https://cdn.shopify.com/s/files/1/0910/2642/4090/files/DSC03610copy.jpg?v=1765870154,13,,,,,,,,,,,,,,,,,,,,,,,,,,,,,,,,,,,
lemon-squares-dinner-set,,,,,,,,,,,,,,,,,,,,,,https://cdn.shopify.com/s/files/1/0910/2642/4090/files/DSC03610.jpg?v=1765870154,14,,,,,,,,,,,,,,,,,,,,,,,,,,,,,,,,,,,
lemon-squares-dinner-set,,,,,,,,,,,,,,,,,,,,,,https://cdn.shopify.com/s/files/1/0910/2642/4090/files/DSC03619.jpg?v=1765870155,15,,,,,,,,,,,,,,,,,,,,,,,,,,,,,,,,,,,
lemon-squares-dinner-set,,,,,,,,,,,,,,,,,,,,,,https://cdn.shopify.com/s/files/1/0910/2642/4090/files/DSC03625.jpg?v=1765870155,16,,,,,,,,,,,,,,,,,,,,,,,,,,,,,,,,,,,
lemon-squares-dinner-set,,,,,,,,,,,,,,,,,,,,,,https://cdn.shopify.com/s/files/1/0910/2642/4090/files/DSC03628.jpg?v=1765870154,17,,,,,,,,,,,,,,,,,,,,,,,,,,,,,,,,,,,
lemon-squares-dinner-set,,,,,,,,,,,,,,,,,,,,,,https://cdn.shopify.com/s/files/1/0910/2642/4090/files/DSC03631.jpg?v=1765870155,18,,,,,,,,,,,,,,,,,,,,,,,,,,,,,,,,,,,
lemon-squares-dinner-set,,,,,,,,,,,,,,,,,,,,,,https://cdn.shopify.com/s/files/1/0910/2642/4090/files/DSC03635.jpg?v=1765870155,19,,,,,,,,,,,,,,,,,,,,,,,,,,,,,,,,,,,
lemon-squares-dinner-set,,,,,,,,,,,,,,,,,,,,,,https://cdn.shopify.com/s/files/1/0910/2642/4090/files/DSC03638.jpg?v=1765870155,20,,,,,,,,,,,,,,,,,,,,,,,,,,,,,,,,,,,
lemon-squares-dinner-set,,,,,,,,,,,,,,,,,,,,,,https://cdn.shopify.com/s/files/1/0910/2642/4090/files/DSC03647.jpg?v=1765870155,21,,,,,,,,,,,,,,,,,,,,,,,,,,,,,,,,,,,
lemon-squares-dinner-set,,,,,,,,,,,,,,,,,,,,,,https://cdn.shopify.com/s/files/1/0910/2642/4090/files/DSC03676.jpg?v=1765870155,22,,,,,,,,,,,,,,,,,,,,,,,,,,,,,,,,,,,
lemon-squares-dinner-set,,,,,,,,,,,,,,,,,,,,,,https://cdn.shopify.com/s/files/1/0910/2642/4090/files/DSC03677.jpg?v=1765870155,23,,,,,,,,,,,,,,,,,,,,,,,,,,,,,,,,,,,
violet-bloom-rice-plates,Violet Bloom Rice Plates,Serving Platters,,TRUE,Serving Size,Pack Of 4,R4#5064,0,shopify,6,deny,manual,2099,,TRUE,TRUE,,,,,,https://cdn.shopify.com/s/files/1/0910/2642/4090/files/7_ed6df834-6d43-44e7-a01c-05e7e19a83d9.jpg?v=1763533609,1,,FALSE,,,3553,,,,,,,,,,,,,,floral,,,,,,round,melamine,,,,,,kg,,,active
violet-bloom-rice-plates,,,,,,Pack Of 6,R6#5064,0,shopify,5,deny,manual,2730,,TRUE,TRUE,,,,,,https://cdn.shopify.com/s/files/1/0910/2642/4090/files/1_bcf216ec-df1e-419f-bedf-ef5433f35498.jpg?v=1763533609,2,,,,,,,,,,,,,,,,,,,,,,,,,,,,,,,,kg,,,
violet-bloom-rice-plates,,,,,,Pack Of 8,R8#5064,0,shopify,8,deny,manual,3360,,TRUE,TRUE,,,,,,,,,,,,,,,,,,,,,,,,,,,,,,,,,,,,,,,kg,,,
violet-bloom-quarter-plates,Violet Bloom Quarter Plates,Serving Platters,,TRUE,Serving Size,Pack Of 4,Q4#5064,0,shopify,8,deny,manual,1350,,TRUE,TRUE,,,,,,https://cdn.shopify.com/s/files/1/0910/2642/4090/files/9_82b7e00f-17a5-422a-a5e2-00e21deb7083.jpg?v=1763533422,1,,FALSE,,,3553,,,,,,,,,,,,,,floral,,,,,,round,melamine,,,,,,kg,,,active
violet-bloom-quarter-plates,,,,,,Pack Of 6,Q6#5064,0,shopify,8,deny,manual,1600,,TRUE,TRUE,,,,,,https://cdn.shopify.com/s/files/1/0910/2642/4090/files/3_53fc02e6-7ad0-4d05-bf02-3a36baa073a5.jpg?v=1763533422,2,,,,,,,,,,,,,,,,,,,,,,,,,,,,,,,,kg,,,
violet-bloom-quarter-plates,,,,,,Pack Of 8,Q8#5064,0,shopify,7,deny,manual,1850,,TRUE,TRUE,,,,,,https://cdn.shopify.com/s/files/1/0910/2642/4090/files/6_87baf935-a751-4946-a48a-69ce424f6858.jpg?v=1763533422,3,,,,,,,,,,,,,,,,,,,,,,,,,,,,,,,,kg,,,
violet-bloom-deep-plates,Violet Bloom Deep Plates,Serving Platters,,TRUE,Serving Size,Pack Of 4,D4#5064,0,shopify,7,deny,manual,1580,,TRUE,TRUE,,,,,,https://cdn.shopify.com/s/files/1/0910/2642/4090/files/8_f03338c6-e734-41f0-b5c1-7fb215e8c334.jpg?v=1763533277,1,,FALSE,,,3553,,,,,,,,,,,,,,floral,,,,,,round,melamine,,,,,,kg,,,active
violet-bloom-deep-plates,,,,,,Pack Of 6,D6#5064,0,shopify,8,deny,manual,1890,,TRUE,TRUE,,,,,,https://cdn.shopify.com/s/files/1/0910/2642/4090/files/2_3fe316a9-847d-4b7e-a9fc-618cb96303be.jpg?v=1763533277,2,,,,,,,,,,,,,,,,,,,,,,,,,,,,,,,,kg,,,
violet-bloom-deep-plates,,,,,,Pack Of 8,D8#5064,0,shopify,6,deny,manual,2210,,TRUE,TRUE,,,,,,https://cdn.shopify.com/s/files/1/0910/2642/4090/files/6_df71d52d-1ef2-416c-b2e5-36c8ee5f252c.jpg?v=1763533277,3,,,,,,,,,,,,,,,,,,,,,,,,,,,,,,,,kg,,,
spring-dew-rice-plates,Spring Dew Rice Plates,Serving Platters,,TRUE,Serving Size,Pack Of 4,R4#5063,0,shopify,8,deny,manual,2099,,TRUE,TRUE,,,,,,https://cdn.shopify.com/s/files/1/0910/2642/4090/files/4_0f91f8e6-f411-4833-9462-49e7156d20c8.jpg?v=1763533153,1,,FALSE,,,3553,,,,,,,,,,,,,,floral,,,,,,round,melamine,,,,,,kg,,,active
spring-dew-rice-plates,,,,,,Pack Of 6,R6#5063,0,shopify,5,deny,manual,2730,,TRUE,TRUE,,,,,,,,,,,,,,,,,,,,,,,,,,,,,,,,,,,,,,,kg,,,
spring-dew-rice-plates,,,,,,Pack Of 8,R8#5063,0,shopify,9,deny,manual,3360,,TRUE,TRUE,,,,,,,,,,,,,,,,,,,,,,,,,,,,,,,,,,,,,,,kg,,,
spring-dew-quarter-plates,Spring Dew Quarter Plates,Serving Platters,,TRUE,Serving Size,Pack Of 4,Q4#5063,0,shopify,10,deny,manual,1350,,TRUE,TRUE,,,,,,https://cdn.shopify.com/s/files/1/0910/2642/4090/files/6_afaa27ba-ecba-46bb-b412-7000788bdd39.jpg?v=1763533033,1,,FALSE,,,3553,,,,,,,,,,,,,,floral,,,,,,round,melamine,,,,,,kg,,,active
spring-dew-quarter-plates,,,,,,Pack Of 6,Q6#5063,0,shopify,8,deny,manual,1600,,TRUE,TRUE,,,,,,,,,,,,,,,,,,,,,,,,,,,,,,,,,,,,,,,kg,,,
spring-dew-quarter-plates,,,,,,Pack Of 8,Q8#5063,0,shopify,10,deny,manual,1850,,TRUE,TRUE,,,,,,,,,,,,,,,,,,,,,,,,,,,,,,,,,,,,,,,kg,,,
spring-dew-deep-plates,Spring Dew Deep Plates,Serving Platters,,TRUE,Serving Size,Pack Of 4,D4#5063,0,shopify,8,deny,manual,1580,,TRUE,TRUE,,,,,,https://cdn.shopify.com/s/files/1/0910/2642/4090/files/5_664f9c55-62e2-44d8-9663-2ee649a22e60.jpg?v=1763532915,1,,FALSE,,,3553,,,,,,,,,,,,,,floral,,,,,,round,melamine,,,,,,kg,,,active
spring-dew-deep-plates,,,,,,Pack Of 6,D6#5063,0,shopify,4,deny,manual,1890,,TRUE,TRUE,,,,,,,,,,,,,,,,,,,,,,,,,,,,,,,,,,,,,,,kg,,,
spring-dew-deep-plates,,,,,,Pack Of 8,D8#5063,0,shopify,10,deny,manual,2210,,TRUE,TRUE,,,,,,,,,,,,,,,,,,,,,,,,,,,,,,,,,,,,,,,kg,,,
moonlight-garden-quarter-plates,Moonlight Garden Quarter Plates,Serving Platters,,TRUE,Serving Size,Pack Of 4,Q4#5066,0,shopify,10,deny,manual,1350,,TRUE,TRUE,,,,,,https://cdn.shopify.com/s/files/1/0910/2642/4090/files/3_0f768b0d-c563-42c1-a8a8-2e4dfe60aa41.jpg?v=1763532772,1,,FALSE,,,3553,,,,,,,,,,,,,,floral,,,,,,round,melamine,,,,,,kg,,,active
moonlight-garden-quarter-plates,,,,,,Pack Of 6,Q6#5066,0,shopify,9,deny,manual,1600,,TRUE,TRUE,,,,,,,,,,,,,,,,,,,,,,,,,,,,,,,,,,,,,,,kg,,,
moonlight-garden-quarter-plates,,,,,,Pack Of 8,Q8#5066,0,shopify,8,deny,manual,1850,,TRUE,TRUE,,,,,,,,,,,,,,,,,,,,,,,,,,,,,,,,,,,,,,,kg,,,
moonlight-garden-rice-plates,Moonlight Garden Rice Plates,Serving Platters,,TRUE,Serving Size,Pack Of 4,R4#5066,0,shopify,8,deny,manual,2099,,TRUE,TRUE,,,,,,https://cdn.shopify.com/s/files/1/0910/2642/4090/files/1_44848950-4709-464c-ae6d-84967290676b.jpg?v=1763532694,1,,FALSE,,,3553,,,,,,,,,,,,,,,,,,,,,,,,,,,kg,,,active
moonlight-garden-rice-plates,,,,,,Pack Of 6,R6#5066,0,shopify,9,deny,manual,2730,,TRUE,TRUE,,,,,,,,,,,,,,,,,,,,,,,,,,,,,,,,,,,,,,,kg,,,
moonlight-garden-rice-plates,,,,,,Pack Of 8,R8#5066,0,shopify,7,deny,manual,3360,,TRUE,TRUE,,,,,,,,,,,,,,,,,,,,,,,,,,,,,,,,,,,,,,,kg,,,
moonlight-garden-deep-plates,Moonlight Garden Deep Plates,Serving Platters,,TRUE,Serving Size,Pack Of 4,D4#5066,0,shopify,10,deny,manual,1580,,TRUE,TRUE,,,,,,https://cdn.shopify.com/s/files/1/0910/2642/4090/files/2_462c4b38-3618-46bd-8a29-e31dfadc000c.jpg?v=1763532498,1,,FALSE,,,3553,,,,,,,,,,,,,,floral,,,,,,round,melamine,,,,,,kg,,,active
moonlight-garden-deep-plates,,,,,,Pack Of 6,D6#5066,0,shopify,9,deny,manual,1890,,TRUE,TRUE,,,,,,,,,,,,,,,,,,,,,,,,,,,,,,,,,,,,,,,kg,,,
moonlight-garden-deep-plates,,,,,,Pack Of 8,D8#5066,0,shopify,7,deny,manual,2210,,TRUE,TRUE,,,,,,,,,,,,,,,,,,,,,,,,,,,,,,,,,,,,,,,kg,,,
graphite-bloom-rice-plates,Graphite Bloom Rice Plates,Serving Platters,,TRUE,Serving Size,Pack Of 4,R4#5065,0,shopify,7,deny,manual,2099,,TRUE,TRUE,,,,,,https://cdn.shopify.com/s/files/1/0910/2642/4090/files/10_adf32054-1a3d-4188-ae75-714edf483507.jpg?v=1763532293,1,,FALSE,,,3553,,,,,,,,,,,,,,floral,,,,,,round,melamine,,,,,,kg,,,active
graphite-bloom-rice-plates,,,,,,Pack Of 6,R6#5065,0,shopify,7,deny,manual,2730,,TRUE,TRUE,,,,,,,,,,,,,,,,,,,,,,,,,,,,,,,,,,,,,,,kg,,,
graphite-bloom-rice-plates,,,,,,Pack Of 8,R8#5065,0,shopify,8,deny,manual,3360,,TRUE,TRUE,,,,,,,,,,,,,,,,,,,,,,,,,,,,,,,,,,,,,,,kg,,,
graphite-bloom-quarter-plates,Graphite Bloom Quarter Plates,Serving Platters,,TRUE,Serving Size,Pack Of 4,Q4#5065,0,shopify,9,deny,manual,1350,,TRUE,TRUE,,,,,,https://cdn.shopify.com/s/files/1/0910/2642/4090/files/11_b2a8f9a1-7d52-4479-96b0-48d6c8622db4.jpg?v=1763532101,1,,FALSE,,,3553,,,,,,,,,,,,,,floral,,,,,,round,melamine,,,,,,kg,,,active
graphite-bloom-quarter-plates,,,,,,Pack Of 6,Q6#5065,0,shopify,9,deny,manual,1600,,TRUE,TRUE,,,,,,,,,,,,,,,,,,,,,,,,,,,,,,,,,,,,,,,kg,,,
graphite-bloom-quarter-plates,,,,,,Pack Of 8,Q8#5065,0,shopify,10,deny,manual,1850,,TRUE,TRUE,,,,,,,,,,,,,,,,,,,,,,,,,,,,,,,,,,,,,,,kg,,,
graphite-bloom-deep-plate,Graphite Bloom Deep Plate,Serving Platters,,TRUE,Serving Size,Pack Of 4,D4#5065,0,shopify,9,deny,manual,1580,,TRUE,TRUE,,,,,,https://cdn.shopify.com/s/files/1/0910/2642/4090/files/12_809a4ab1-7b68-4c2f-aa1a-9687de8574c1.jpg?v=1763531928,1,,FALSE,,,3553,,,,,,,,,,,,,,floral,,,,,,round,melamine,,,,,,kg,,,active
graphite-bloom-deep-plate,,,,,,Pack Of 6,D6#5065,0,shopify,8,deny,manual,1890,,TRUE,TRUE,,,,,,,,,,,,,,,,,,,,,,,,,,,,,,,,,,,,,,,kg,,,
graphite-bloom-deep-plate,,,,,,Pack Of 8,D8#5065,0,shopify,8,deny,manual,2210,,TRUE,TRUE,,,,,,,,,,,,,,,,,,,,,,,,,,,,,,,,,,,,,,,kg,,,
wooden-stand-walnut,Wooden Stand,Decorative Plaques,,TRUE,Title,Default Title,WS47264,0,shopify,1,deny,manual,300,,TRUE,TRUE,,,,,,https://cdn.shopify.com/s/files/1/0910/2642/4090/files/DSC00425.jpg?v=1760523017,1,,FALSE,,,,,,,,,,,,,,,,,brown,,,,,,,,,,,,,kg,,,active
wooden-stand-walnut,,,,,,,,,,,,,,,,,,,,,,https://cdn.shopify.com/s/files/1/0910/2642/4090/files/DSC00737.jpg?v=1760523017,2,,,,,,,,,,,,,,,,,,,,,,,,,,,,,,,,,,,
wooden-stand-walnut,,,,,,,,,,,,,,,,,,,,,,https://cdn.shopify.com/s/files/1/0910/2642/4090/files/DSC00740.jpg?v=1760523017,3,,,,,,,,,,,,,,,,,,,,,,,,,,,,,,,,,,,
wooden-stand-walnut,,,,,,,,,,,,,,,,,,,,,,https://cdn.shopify.com/s/files/1/0910/2642/4090/files/DSC00743.jpg?v=1760523017,4,,,,,,,,,,,,,,,,,,,,,,,,,,,,,,,,,,,
wooden-stand-walnut,,,,,,,,,,,,,,,,,,,,,,https://cdn.shopify.com/s/files/1/0910/2642/4090/files/DSC00746.jpg?v=1760523017,5,,,,,,,,,,,,,,,,,,,,,,,,,,,,,,,,,,,
wooden-stand-walnut,,,,,,,,,,,,,,,,,,,,,,https://cdn.shopify.com/s/files/1/0910/2642/4090/files/unnamed_1.jpg?v=1760523017,6,,,,,,,,,,,,,,,,,,,,,,,,,,,,,,,,,,,
wooden-stand-walnut,,,,,,,,,,,,,,,,,,,,,,https://cdn.shopify.com/s/files/1/0910/2642/4090/files/unnamed.jpg?v=1760523018,7,,,,,,,,,,,,,,,,,,,,,,,,,,,,,,,,,,,
red-melamine-soup-bowls,Red Melamine Soup Bowls,Bowls,,TRUE,Serving Size,Pack of 6,S#5059,0,shopify,0,deny,manual,1999,,TRUE,TRUE,,,,,,https://cdn.shopify.com/s/files/1/0910/2642/4090/files/1_c2d81444-7e33-4d4f-9dad-0ff54938107c.jpg?v=1759734918,1,,FALSE,,,,,,,,,,,,,,,,,red,,,,,,,plastic,,,,,,kg,,,active
red-melamine-soup-bowls,,,,,,,,,,,,,,,,,,,,,,https://cdn.shopify.com/s/files/1/0910/2642/4090/files/2_e0a65a4d-1295-438f-845e-1f183dc241f1.jpg?v=1759734918,2,,,,,,,,,,,,,,,,,,,,,,,,,,,,,,,,,,,
red-melamine-soup-bowls,,,,,,,,,,,,,,,,,,,,,,https://cdn.shopify.com/s/files/1/0910/2642/4090/files/3_964a4bf4-61fe-47ee-a471-b42bcaf2e95f.jpg?v=1759734918,3,,,,,,,,,,,,,,,,,,,,,,,,,,,,,,,,,,,
red-melamine-soup-bowls,,,,,,,,,,,,,,,,,,,,,,https://cdn.shopify.com/s/files/1/0910/2642/4090/files/4_09432d9f-6ff1-44c6-9431-c6aa1ce04c9a.jpg?v=1759734917,4,,,,,,,,,,,,,,,,,,,,,,,,,,,,,,,,,,,
black-melamine-soup-bowls,Black Melamine Soup Bowls,Bowls,,TRUE,Serving Size,Pack of 6,S#5058,0,shopify,0,deny,manual,1999,,TRUE,TRUE,,,,,,https://cdn.shopify.com/s/files/1/0910/2642/4090/files/9_61fee8e4-f89d-4c7f-98ed-353caa247fb1.jpg?v=1759734769,1,,FALSE,,,,,,,,,,,,,,,,,black,,,,,,,melamine,,,,,,kg,,,active
black-melamine-soup-bowls,,,,,,,,,,,,,,,,,,,,,,https://cdn.shopify.com/s/files/1/0910/2642/4090/files/10_4879b0b2-73c4-4fe2-b12a-c24f5c3f450a.jpg?v=1759734770,2,,,,,,,,,,,,,,,,,,,,,,,,,,,,,,,,,,,
black-melamine-soup-bowls,,,,,,,,,,,,,,,,,,,,,,https://cdn.shopify.com/s/files/1/0910/2642/4090/files/11_dd2ce6bf-940c-433a-b89c-fe25d09e94e7.jpg?v=1759734770,3,,,,,,,,,,,,,,,,,,,,,,,,,,,,,,,,,,,
black-melamine-soup-bowls,,,,,,,,,,,,,,,,,,,,,,https://cdn.shopify.com/s/files/1/0910/2642/4090/files/12_0b6c4cb2-8742-41af-9cb7-4011435c20d2.jpg?v=1759734770,4,,,,,,,,,,,,,,,,,,,,,,,,,,,,,,,,,,,
beige-melamine-soup-bowls,Beige Melamine Soup Bowls,Bowls,,TRUE,Serving Size,Pack of 6,S#5060,0,shopify,0,deny,manual,1999,,TRUE,TRUE,,,,,,https://cdn.shopify.com/s/files/1/0910/2642/4090/files/5_b5dd58b6-9be9-49c3-a8cc-9eb5556a4677.jpg?v=1759734407,1,,FALSE,,,,,,,,,,,,,,,,,beige; brown,,,,,,,melamine,,,,,,kg,,,active
beige-melamine-soup-bowls,,,,,,,,,,,,,,,,,,,,,,https://cdn.shopify.com/s/files/1/0910/2642/4090/files/6_a514b499-e0bc-47a7-8252-5c5bbec205b3.jpg?v=1759734406,2,,,,,,,,,,,,,,,,,,,,,,,,,,,,,,,,,,,
beige-melamine-soup-bowls,,,,,,,,,,,,,,,,,,,,,,https://cdn.shopify.com/s/files/1/0910/2642/4090/files/7_9800d95e-92c9-403c-94e1-323d634bf38d.jpg?v=1759734406,3,,,,,,,,,,,,,,,,,,,,,,,,,,,,,,,,,,,
beige-melamine-soup-bowls,,,,,,,,,,,,,,,,,,,,,,https://cdn.shopify.com/s/files/1/0910/2642/4090/files/8_3d4c5c13-3a74-40c1-a752-39532feebd1d.jpg?v=1759734406,4,,,,,,,,,,,,,,,,,,,,,,,,,,,,,,,,,,,
sea-of-blue-rice-plates,Sea of Blue Rice Plates,Serving Platters,,TRUE,Serving Size,Pack Of 4,R4#5056,0,shopify,9,deny,manual,2099,,TRUE,TRUE,,,,,,https://cdn.shopify.com/s/files/1/0910/2642/4090/files/1_a89a3181-e9e0-448d-a6cc-358fc40c84b3.jpg?v=1759469317,1,,FALSE,,,,,,,,,,,,,,,,,floral,,,,,,round,melamine,,,,,,kg,,,active
sea-of-blue-rice-plates,,,,,,Pack Of 6,R6#5056,0,shopify,2,deny,manual,2730,,TRUE,TRUE,,,,,,,,,,,,,,,,,,,,,,,,,,,,,,,,,,,,,,,kg,,,
sea-of-blue-rice-plates,,,,,,Pack Of 8,R8#5056,0,shopify,10,deny,manual,3360,,TRUE,TRUE,,,,,,,,,,,,,,,,,,,,,,,,,,,,,,,,,,,,,,,kg,,,
sea-of-blue-deep-plates,Sea of Blue Deep Plates,Serving Platters,,TRUE,Serving Size,Pack Of 4,D4#5056,0,shopify,11,deny,manual,1580,,TRUE,TRUE,,,,,,https://cdn.shopify.com/s/files/1/0910/2642/4090/files/2_96df4534-26e7-4f77-af1d-4526231c97f9.jpg?v=1759469175,1,,FALSE,,,,,,,,,,,,,,,,,floral,,,,,,round,melamine,,,,,,kg,,,active
sea-of-blue-deep-plates,,,,,,Pack Of 6,D6#5056,0,shopify,6,deny,manual,1890,,TRUE,TRUE,,,,,,,,,,,,,,,,,,,,,,,,,,,,,,,,,,,,,,,kg,,,
sea-of-blue-deep-plates,,,,,,Pack Of 8,D8#5056,0,shopify,10,deny,manual,2210,,TRUE,TRUE,,,,,,,,,,,,,,,,,,,,,,,,,,,,,,,,,,,,,,,kg,,,
dark-bloom-rice-plates,Dark Bloom Rice Plates,Serving Platters,,TRUE,Serving Size:,Pack Of 4,R4#5057,0,shopify,9,deny,manual,2099,,TRUE,TRUE,,,,,,https://cdn.shopify.com/s/files/1/0910/2642/4090/files/3_0aff2e9a-64bd-4cc5-93fe-151b39bbabab.jpg?v=1759469028,1,,FALSE,,,,,,,,,,,,,,,,,floral,,,,,,round,melamine,,,,,,kg,,,active
dark-bloom-rice-plates,,,,,,Pack Of 6,R6#5057,0,shopify,7,deny,manual,2730,,TRUE,TRUE,,,,,,,,,,,,,,,,,,,,,,,,,,,,,,,,,,,,,,,kg,,,
dark-bloom-rice-plates,,,,,,Pack Of 8,R8#5057,0,shopify,8,deny,manual,3360,,TRUE,TRUE,,,,,,,,,,,,,,,,,,,,,,,,,,,,,,,,,,,,,,,kg,,,
dark-bloom-deep-plates,Dark Bloom Deep Plates,Serving Platters,,TRUE,Serving Size:,Pack Of 4,D4#5057,0,shopify,6,deny,manual,1580,,TRUE,TRUE,,,,,,https://cdn.shopify.com/s/files/1/0910/2642/4090/files/4_4083eb8b-d88f-44e3-8f4a-42e09cbf852b.jpg?v=1759468842,1,,FALSE,,,,,,,,,,,,,,,,,floral,,,,,,round,melamine,,,,,,kg,,,active
dark-bloom-deep-plates,,,,,,Pack Of 6,D6#5057,0,shopify,8,deny,manual,1890,,TRUE,TRUE,,,,,,,,,,,,,,,,,,,,,,,,,,,,,,,,,,,,,,,kg,,,
dark-bloom-deep-plates,,,,,,Pack Of 8,D8#5057,0,shopify,3,deny,manual,2210,,TRUE,TRUE,,,,,,,,,,,,,,,,,,,,,,,,,,,,,,,,,,,,,,,kg,,,
chroma-stripes-dinner-set,Chroma Stripes Dinner Set,Dinnerware Sets,,TRUE,Serving Size:,4 Person Serving Dinner Set = 22 PCS,DS4#5061,0,shopify,9,deny,manual,5780,,TRUE,TRUE,,,,,,https://cdn.shopify.com/s/files/1/0910/2642/4090/files/1x1E-comdinnerset.jpg?v=1759468633,1,,FALSE,,,,,,,,,,,,,,,,,striped; black,,bowls; salad-plate; dinner-plates,,,,,ceramic,,,,,,kg,,,active
chroma-stripes-dinner-set,,,,,,6 Person Serving Dinner Set = 30 PCS,DS6#5061,0,shopify,9,deny,manual,7880,,TRUE,TRUE,,,,,,https://cdn.shopify.com/s/files/1/0910/2642/4090/files/DSC09934copy.jpg?v=1759468634,2,,,,,,,,,,,,,,,,,,,,,,,,,,,,,,,,kg,,,
chroma-stripes-dinner-set,,,,,,8 Person Serving Dinner Set = 43 PCS,DS8#5061,0,shopify,8,deny,manual,10499,,TRUE,TRUE,,,,,,https://cdn.shopify.com/s/files/1/0910/2642/4090/files/DSC09948copy.jpg?v=1759468634,3,,,,,,,,,,,,,,,,,,,,,,,,,,,,,,,,kg,,,
chroma-stripes-dinner-set,,,,,,,,,,,,,,,,,,,,,,https://cdn.shopify.com/s/files/1/0910/2642/4090/files/DSC09957copy.jpg?v=1759468634,4,,,,,,,,,,,,,,,,,,,,,,,,,,,,,,,,,,,
chroma-stripes-dinner-set,,,,,,,,,,,,,,,,,,,,,,https://cdn.shopify.com/s/files/1/0910/2642/4090/files/DSC09965copy.jpg?v=1759468634,5,,,,,,,,,,,,,,,,,,,,,,,,,,,,,,,,,,,
chroma-stripes-dinner-set,,,,,,,,,,,,,,,,,,,,,,https://cdn.shopify.com/s/files/1/0910/2642/4090/files/DSC09967copy.jpg?v=1759468634,6,,,,,,,,,,,,,,,,,,,,,,,,,,,,,,,,,,,
nightfall-blossom-quarter-plates,Nightfall Blossom Quarter Plates,Serving Platters,,TRUE,Serving Size,Pack Of 4,Q4#5016,0,shopify,15,deny,manual,1350,,TRUE,TRUE,,,,,,https://cdn.shopify.com/s/files/1/0910/2642/4090/files/NightfallBlossomQuarterPlate.jpg?v=1758970233,1,,FALSE,,,3802,,,,,,,,,,,,,,,,,,,,,,,,,,,kg,,,active
nightfall-blossom-quarter-plates,,,,,,Pack Of 6,Q6#5016,0,shopify,13,deny,manual,1600,,TRUE,TRUE,,,,,,,,,,,,,,,,,,,,,,,,,,,,,,,,,,,,,,,kg,,,
nightfall-blossom-quarter-plates,,,,,,Pack Of 8,Q8#5016,0,shopify,13,deny,manual,1850,,TRUE,TRUE,,,,,,,,,,,,,,,,,,,,,,,,,,,,,,,,,,,,,,,kg,,,
dark-bloom-quarter-plates,Dark Bloom Quarter Plates,Serving Platters,,TRUE,Serving Size,Pack Of 4,Q4#5057,0,shopify,7,deny,manual,1350,,TRUE,TRUE,,,,,,https://cdn.shopify.com/s/files/1/0910/2642/4090/files/DarkBloomQuarterPlate.jpg?v=1758970156,1,,FALSE,,,,,,,,,,,,,,,,,floral,,,,,,round,melamine,,,,,,kg,,,active
dark-bloom-quarter-plates,,,,,,Pack Of 6,Q6#5057,0,shopify,8,deny,manual,1600,,TRUE,TRUE,,,,,,,,,,,,,,,,,,,,,,,,,,,,,,,,,,,,,,,kg,,,
dark-bloom-quarter-plates,,,,,,Pack Of 8,Q8#5057,0,shopify,9,deny,manual,1850,,TRUE,TRUE,,,,,,,,,,,,,,,,,,,,,,,,,,,,,,,,,,,,,,,kg,,,
sleek-borders-quarter-plates,Sleek Borders Quarter Plates,Serving Platters,,TRUE,Serving Size,Pack Of 4,Q4#6001,0,shopify,15,deny,manual,1350,,TRUE,TRUE,,,,,,https://cdn.shopify.com/s/files/1/0910/2642/4090/files/SleekBordersQuarterPlate.jpg?v=1758970073,1,,FALSE,,,,,,,,,,,,,,,,,striped,,,,,,round,melamine,,,,,,kg,,,active
sleek-borders-quarter-plates,,,,,,Pack Of 6,Q6#6001,0,shopify,15,deny,manual,1600,,TRUE,TRUE,,,,,,,,,,,,,,,,,,,,,,,,,,,,,,,,,,,,,,,kg,,,
sleek-borders-quarter-plates,,,,,,Pack Of 8,Q8#6001,0,shopify,15,deny,manual,1850,,TRUE,TRUE,,,,,,,,,,,,,,,,,,,,,,,,,,,,,,,,,,,,,,,kg,,,
black-melamine-quarter-plates,Black Melamine Quarter Plates,Serving Platters,,TRUE,Serving Size,Pack Of 4,Q4#4029,0,shopify,18,deny,manual,1350,,TRUE,TRUE,,,,,,https://cdn.shopify.com/s/files/1/0910/2642/4090/files/BlackMelamineQuarterPlate.jpg?v=1758969939,1,,FALSE,,,,,,,,,,,,,,,,,black,,,,,,round,melamine,,,,,,kg,,,active
black-melamine-quarter-plates,,,,,,Pack Of 6,Q6#4029,0,shopify,16,deny,manual,1600,,TRUE,TRUE,,,,,,,,,,,,,,,,,,,,,,,,,,,,,,,,,,,,,,,kg,,,
black-melamine-quarter-plates,,,,,,Pack Of 8,Q8#4029,0,shopify,15,deny,manual,1850,,TRUE,TRUE,,,,,,,,,,,,,,,,,,,,,,,,,,,,,,,,,,,,,,,kg,,,
noir-chic-quarter-plates,Noir Chic Quarter Plates,Serving Platters,,TRUE,Serving Size,Pack Of 4,Q4#5012,0,shopify,15,deny,manual,1350,,TRUE,TRUE,,,,,,https://cdn.shopify.com/s/files/1/0910/2642/4090/files/NoirChicQuarterPlate.jpg?v=1758969514,1,,FALSE,,,,,,,,,,,,,,,,,geometric,,,,,,round,melamine,,,,,,kg,,,active
noir-chic-quarter-plates,,,,,,Pack Of 6,Q6#5012,0,shopify,18,deny,manual,1600,,TRUE,TRUE,,,,,,,,,,,,,,,,,,,,,,,,,,,,,,,,,,,,,,,kg,,,
noir-chic-quarter-plates,,,,,,Pack Of 8,Q8#5012,0,shopify,14,deny,manual,1850,,TRUE,TRUE,,,,,,,,,,,,,,,,,,,,,,,,,,,,,,,,,,,,,,,kg,,,
azure-blossom-quarter-plates,Azure Blossom Quarter Plates,Serving Platters,,TRUE,Serving Size,Pack Of 4,Q4#5010,0,shopify,15,deny,manual,1350,,TRUE,TRUE,,,,,,https://cdn.shopify.com/s/files/1/0910/2642/4090/files/AzureBlossomQuarterPlate.jpg?v=1758969363,1,,FALSE,,,,,,,,,,,,,,,,,floral,,,,,,round,melamine,,,,,,kg,,,active
azure-blossom-quarter-plates,,,,,,Pack Of 6,Q6#5010,0,shopify,17,deny,manual,1600,,TRUE,TRUE,,,,,,,,,,,,,,,,,,,,,,,,,,,,,,,,,,,,,,,kg,,,
azure-blossom-quarter-plates,,,,,,Pack Of 8,Q8#5010,0,shopify,15,deny,manual,1850,,TRUE,TRUE,,,,,,,,,,,,,,,,,,,,,,,,,,,,,,,,,,,,,,,kg,,,
shadow-bloom-quarter-plates,Shadow Bloom Quarter Plates,Serving Platters,,TRUE,Serving Size,Pack of 4,Q4#5046,0,shopify,13,deny,manual,1350,,TRUE,TRUE,,,,,,https://cdn.shopify.com/s/files/1/0910/2642/4090/files/DSC01130_copy.jpg?v=1758957170,1,,FALSE,,,,,,,,,,,,,,,,,floral,,,,,,round,melamine,,,,,,kg,,,active
shadow-bloom-quarter-plates,,,,,,Pack of 6,Q6#5046,0,shopify,15,deny,manual,1600,,TRUE,TRUE,,,,,,https://cdn.shopify.com/s/files/1/0910/2642/4090/files/2_f4e44dcb-60bc-4b3a-b43a-23e48c34a9e4.jpg?v=1758957170,2,,,,,,,,,,,,,,,,,,,,,,,,,,,,,,,,kg,,,
shadow-bloom-quarter-plates,,,,,,Pack of 8,Q8#5046,0,shopify,58,deny,manual,1850,,TRUE,TRUE,,,,,,https://cdn.shopify.com/s/files/1/0910/2642/4090/files/1_5f1af00f-2fc2-4e86-b9fe-f618707a0775.jpg?v=1758957170,3,,,,,,,,,,,,,,,,,,,,,,,,,,,,,,,,kg,,,
shadow-bloom-quarter-plates,,,,,,,,,,,,,,,,,,,,,,https://cdn.shopify.com/s/files/1/0910/2642/4090/files/3_b693c107-b864-4712-bd80-b4ad0204b2f9.jpg?v=1758957170,4,,,,,,,,,,,,,,,,,,,,,,,,,,,,,,,,,,,
shadow-bloom-quarter-plates,,,,,,,,,,,,,,,,,,,,,,https://cdn.shopify.com/s/files/1/0910/2642/4090/files/4_70c86e89-d461-4455-b400-3529ed89f059.jpg?v=1758957170,5,,,,,,,,,,,,,,,,,,,,,,,,,,,,,,,,,,,
shadow-bloom-quarter-plates,,,,,,,,,,,,,,,,,,,,,,https://cdn.shopify.com/s/files/1/0910/2642/4090/files/5_ee197edf-6c4b-46aa-8cc1-dd8fefc6629b.jpg?v=1758957170,6,,,,,,,,,,,,,,,,,,,,,,,,,,,,,,,,,,,
shadow-bloom-quarter-plates,,,,,,,,,,,,,,,,,,,,,,https://cdn.shopify.com/s/files/1/0910/2642/4090/files/Size_2fa19bdc-e3b2-41c1-a9f5-f5ae56bfd4cf.jpg?v=1758957170,7,,,,,,,,,,,,,,,,,,,,,,,,,,,,,,,,,,,
sea-of-blue-quarter-plates,Sea of Blue Quarter Plates,Serving Platters,,TRUE,Serving Size,Pack of 4,Q4#5056,0,shopify,6,deny,manual,1350,,TRUE,TRUE,,,,,,https://cdn.shopify.com/s/files/1/0910/2642/4090/files/DSC01148_copy.jpg?v=1758957231,1,,FALSE,,,,,,,,,,,,,,,,,floral,,,,,,round,melamine,,,,,,kg,,,active
sea-of-blue-quarter-plates,,,,,,Pack of 6,Q6#5056,0,shopify,9,deny,manual,1600,,TRUE,TRUE,,,,,,https://cdn.shopify.com/s/files/1/0910/2642/4090/files/1_6882e5ce-3da0-4640-b33a-17970f026144.jpg?v=1758957231,2,,,,,,,,,,,,,,,,,,,,,,,,,,,,,,,,kg,,,
sea-of-blue-quarter-plates,,,,,,Pack of 8,Q8#5056,0,shopify,14,deny,manual,1850,,TRUE,TRUE,,,,,,https://cdn.shopify.com/s/files/1/0910/2642/4090/files/2_5fb94b97-6985-463b-ae90-cc94dc9ae18e.jpg?v=1758957231,3,,,,,,,,,,,,,,,,,,,,,,,,,,,,,,,,kg,,,
sea-of-blue-quarter-plates,,,,,,,,,,,,,,,,,,,,,,https://cdn.shopify.com/s/files/1/0910/2642/4090/files/3_f2a3f478-7418-41ad-a886-925be8e064d5.jpg?v=1758957231,4,,,,,,,,,,,,,,,,,,,,,,,,,,,,,,,,,,,
sea-of-blue-quarter-plates,,,,,,,,,,,,,,,,,,,,,,https://cdn.shopify.com/s/files/1/0910/2642/4090/files/4_1a5ac0bf-8ecc-4e6a-ba82-974192913ffc.jpg?v=1758957231,5,,,,,,,,,,,,,,,,,,,,,,,,,,,,,,,,,,,
sea-of-blue-quarter-plates,,,,,,,,,,,,,,,,,,,,,,https://cdn.shopify.com/s/files/1/0910/2642/4090/files/5_8b487563-18bb-464a-aec8-81f9e674d3f8.jpg?v=1758957231,6,,,,,,,,,,,,,,,,,,,,,,,,,,,,,,,,,,,
maroon-melamine-quarter-plates,Maroon Melamine Quarter Plates,Serving Platters,,TRUE,Serving Size,Pack of 4,Q4#4032,0,shopify,15,deny,manual,1350,,TRUE,TRUE,,,,,,https://cdn.shopify.com/s/files/1/0910/2642/4090/files/DSC01103_copy.jpg?v=1758957661,1,,FALSE,,,,,,,,,,,,,,,,,red,,,,,,round,melamine,,,,,,kg,,,active
maroon-melamine-quarter-plates,,,,,,Pack of 6,Q6#4032,0,shopify,15,deny,manual,1600,,TRUE,TRUE,,,,,,https://cdn.shopify.com/s/files/1/0910/2642/4090/files/1_176d421e-1268-42ef-8ff9-95774b82a2b6.jpg?v=1758957661,2,,,,,,,,,,,,,,,,,,,,,,,,,,,,,,,,kg,,,
maroon-melamine-quarter-plates,,,,,,Pack of 8,Q8#4032,0,shopify,15,deny,manual,1850,,TRUE,TRUE,,,,,,https://cdn.shopify.com/s/files/1/0910/2642/4090/files/2_3babc5dc-6546-475b-a62f-7aa6face7b43.jpg?v=1758957661,3,,,,,,,,,,,,,,,,,,,,,,,,,,,,,,,,kg,,,
maroon-melamine-quarter-plates,,,,,,,,,,,,,,,,,,,,,,https://cdn.shopify.com/s/files/1/0910/2642/4090/files/3_d5d186d1-d21b-44c8-a98e-5c65bd95983a.jpg?v=1758957661,4,,,,,,,,,,,,,,,,,,,,,,,,,,,,,,,,,,,
maroon-melamine-quarter-plates,,,,,,,,,,,,,,,,,,,,,,https://cdn.shopify.com/s/files/1/0910/2642/4090/files/4_2b5fb5b8-3aa7-4f0a-bd30-2449ad386026.jpg?v=1758957661,5,,,,,,,,,,,,,,,,,,,,,,,,,,,,,,,,,,,
maroon-melamine-quarter-plates,,,,,,,,,,,,,,,,,,,,,,https://cdn.shopify.com/s/files/1/0910/2642/4090/files/5_ada49843-cd50-4c10-9ce3-b68092876a29.jpg?v=1758957661,6,,,,,,,,,,,,,,,,,,,,,,,,,,,,,,,,,,,
maroon-melamine-quarter-plates,,,,,,,,,,,,,,,,,,,,,,https://cdn.shopify.com/s/files/1/0910/2642/4090/files/Size_d5abc118-4509-40f7-bbb0-be436b1f31fa.jpg?v=1758957661,7,,,,,,,,,,,,,,,,,,,,,,,,,,,,,,,,,,,
orion-shift-quarter-plates,Orion Shift Quarter Plates,Serving Platters,,TRUE,Serving Size,Pack of 4,Q4#5048,0,shopify,12,deny,manual,1350,,TRUE,TRUE,,,,,,https://cdn.shopify.com/s/files/1/0910/2642/4090/files/DSC01071_copy.jpg?v=1758957727,1,,FALSE,,,,,,,,,,,,,,,,,multicolor; gray; geometric,,,,,,round,melamine,,,,,,kg,,,active
orion-shift-quarter-plates,,,,,,Pack of 6,Q6#5048,0,shopify,12,deny,manual,1600,,TRUE,TRUE,,,,,,https://cdn.shopify.com/s/files/1/0910/2642/4090/files/3_d1d97340-cd8d-454b-a73f-1b3ccab9f63a.jpg?v=1758957727,2,,,,,,,,,,,,,,,,,,,,,,,,,,,,,,,,kg,,,
orion-shift-quarter-plates,,,,,,Pack of 8,Q8#5048,0,shopify,13,deny,manual,1850,,TRUE,TRUE,,,,,,https://cdn.shopify.com/s/files/1/0910/2642/4090/files/1_a8ff7c05-b367-47c9-8261-b3347b32b8e8.jpg?v=1758957727,3,,,,,,,,,,,,,,,,,,,,,,,,,,,,,,,,kg,,,
orion-shift-quarter-plates,,,,,,,,,,,,,,,,,,,,,,https://cdn.shopify.com/s/files/1/0910/2642/4090/files/2_3794a689-f1c3-4b7a-bdb7-47676d95033b.jpg?v=1758957727,4,,,,,,,,,,,,,,,,,,,,,,,,,,,,,,,,,,,
orion-shift-quarter-plates,,,,,,,,,,,,,,,,,,,,,,https://cdn.shopify.com/s/files/1/0910/2642/4090/files/4_e292d1af-f43c-401b-8f33-8cfb94f25736.jpg?v=1758957727,5,,,,,,,,,,,,,,,,,,,,,,,,,,,,,,,,,,,
orion-shift-quarter-plates,,,,,,,,,,,,,,,,,,,,,,https://cdn.shopify.com/s/files/1/0910/2642/4090/files/5_a28061be-f252-4cce-9419-62f3132f2556.jpg?v=1758957727,6,,,,,,,,,,,,,,,,,,,,,,,,,,,,,,,,,,,
orion-shift-quarter-plates,,,,,,,,,,,,,,,,,,,,,,https://cdn.shopify.com/s/files/1/0910/2642/4090/files/Size_3634311e-e221-49c0-8a19-00915962419f.jpg?v=1758957727,7,,,,,,,,,,,,,,,,,,,,,,,,,,,,,,,,,,,
indigo-drift-quarter-plates,Indigo Drift Quarter Plates,Serving Platters,,TRUE,Serving Size,Pack of 4,Q4#5047,0,shopify,10,deny,manual,1350,,TRUE,TRUE,,,,,,https://cdn.shopify.com/s/files/1/0910/2642/4090/files/DSC01164_copy.jpg?v=1758957858,1,,FALSE,,,,,,,,,,,,,,,,,geometric; floral; blue; white,,,,,,round,melamine,,,,,,kg,,,active
indigo-drift-quarter-plates,,,,,,Pack of 6,Q6#5047,0,shopify,10,deny,manual,1600,,TRUE,TRUE,,,,,,https://cdn.shopify.com/s/files/1/0910/2642/4090/files/2_6c57c92b-c17a-491c-b0d1-fc05215c319d.jpg?v=1758957858,2,,,,,,,,,,,,,,,,,,,,,,,,,,,,,,,,kg,,,
indigo-drift-quarter-plates,,,,,,Pack of 8,Q8#5047,0,shopify,10,deny,manual,1850,,TRUE,TRUE,,,,,,https://cdn.shopify.com/s/files/1/0910/2642/4090/files/1_f81555df-087c-4224-90d9-12990e64b431.jpg?v=1758957858,3,,,,,,,,,,,,,,,,,,,,,,,,,,,,,,,,kg,,,
indigo-drift-quarter-plates,,,,,,,,,,,,,,,,,,,,,,https://cdn.shopify.com/s/files/1/0910/2642/4090/files/3_f6a2e617-4b46-447a-aefc-1d3ec387d78c.jpg?v=1758957858,4,,,,,,,,,,,,,,,,,,,,,,,,,,,,,,,,,,,
indigo-drift-quarter-plates,,,,,,,,,,,,,,,,,,,,,,https://cdn.shopify.com/s/files/1/0910/2642/4090/files/4_682b772c-a13c-4eaa-847c-dfbc95a00801.jpg?v=1758957858,5,,,,,,,,,,,,,,,,,,,,,,,,,,,,,,,,,,,
indigo-drift-quarter-plates,,,,,,,,,,,,,,,,,,,,,,https://cdn.shopify.com/s/files/1/0910/2642/4090/files/5_550afd6d-b95b-4288-b0f4-f1e0930f533f.jpg?v=1758957858,6,,,,,,,,,,,,,,,,,,,,,,,,,,,,,,,,,,,
indigo-drift-quarter-plates,,,,,,,,,,,,,,,,,,,,,,https://cdn.shopify.com/s/files/1/0910/2642/4090/files/Size_e1adcd4e-1423-4452-9f7b-67e3f70cae29.jpg?v=1758957858,7,,,,,,,,,,,,,,,,,,,,,,,,,,,,,,,,,,,
ebony-symphony-quarter-plates,Ebony Symphony Quarter Plates,Serving Platters,,TRUE,Serving Size,Pack Of 4,Q4#5015,0,shopify,15,deny,manual,1350,,TRUE,TRUE,,,,,,https://cdn.shopify.com/s/files/1/0910/2642/4090/files/DSC01096_copy.jpg?v=1758957911,1,,FALSE,,,,,,,,,,,,,,,,,black; floral; geometric,,,,,,rectangular,ceramic,,,,,,kg,,,active
ebony-symphony-quarter-plates,,,,,,Pack Of 6,Q6#5015,0,shopify,15,deny,manual,1600,,TRUE,TRUE,,,,,,https://cdn.shopify.com/s/files/1/0910/2642/4090/files/1_cfa404c3-a725-4ed7-9927-9b4cf508fddf.jpg?v=1758957911,2,,,,,,,,,,,,,,,,,,,,,,,,,,,,,,,,kg,,,
ebony-symphony-quarter-plates,,,,,,Pack Of 8,Q8#5015,0,shopify,14,deny,manual,1850,,TRUE,TRUE,,,,,,https://cdn.shopify.com/s/files/1/0910/2642/4090/files/2_bd2311f4-1e12-4ffe-8757-9bd9bb83cda5.jpg?v=1758957911,3,,,,,,,,,,,,,,,,,,,,,,,,,,,,,,,,kg,,,
ebony-symphony-quarter-plates,,,,,,,,,,,,,,,,,,,,,,https://cdn.shopify.com/s/files/1/0910/2642/4090/files/3_52194a1e-8b94-4d47-ac2c-5ee42cf3dfdb.jpg?v=1758957911,4,,,,,,,,,,,,,,,,,,,,,,,,,,,,,,,,,,,
ebony-symphony-quarter-plates,,,,,,,,,,,,,,,,,,,,,,https://cdn.shopify.com/s/files/1/0910/2642/4090/files/4_52144bb0-c5f0-4c3a-bf1a-9e201bf24074.jpg?v=1758957911,5,,,,,,,,,,,,,,,,,,,,,,,,,,,,,,,,,,,
ebony-symphony-quarter-plates,,,,,,,,,,,,,,,,,,,,,,https://cdn.shopify.com/s/files/1/0910/2642/4090/files/5_dd29efe6-b4d1-4098-b991-47f78526b19f.jpg?v=1758957911,6,,,,,,,,,,,,,,,,,,,,,,,,,,,,,,,,,,,
ebony-symphony-quarter-plates,,,,,,,,,,,,,,,,,,,,,,https://cdn.shopify.com/s/files/1/0910/2642/4090/files/Size_1b3a2027-50dc-4efd-8e37-cf296f3790ba.jpg?v=1758957911,7,,,,,,,,,,,,,,,,,,,,,,,,,,,,,,,,,,,
black-lace-quarter-plate,Black Lace Quarter Plate,Serving Platters,,TRUE,Serving Size,Pack Of 4,Q4#5041,0,shopify,9,deny,manual,1350,,TRUE,TRUE,,,,,,https://cdn.shopify.com/s/files/1/0910/2642/4090/files/DSC01089_copy.jpg?v=1758957970,1,,FALSE,,,,,,,,,,,,,,,,,floral; black; geometric; white,,,,,,round,melamine,,,,,,kg,,,active
black-lace-quarter-plate,,,,,,Pack Of 6,Q6#5041,0,shopify,10,deny,manual,1600,,TRUE,TRUE,,,,,,https://cdn.shopify.com/s/files/1/0910/2642/4090/files/2_167213ee-7061-492e-941d-d60bd2325565.jpg?v=1758957970,2,,,,,,,,,,,,,,,,,,,,,,,,,,,,,,,,kg,,,
black-lace-quarter-plate,,,,,,Pack Of 8,Q8#5041,0,shopify,10,deny,manual,1850,,TRUE,TRUE,,,,,,https://cdn.shopify.com/s/files/1/0910/2642/4090/files/1_f9521dec-4041-4e53-83ec-5285e57f35ad.jpg?v=1758957970,3,,,,,,,,,,,,,,,,,,,,,,,,,,,,,,,,kg,,,
black-lace-quarter-plate,,,,,,,,,,,,,,,,,,,,,,https://cdn.shopify.com/s/files/1/0910/2642/4090/files/3_98020a36-8466-496b-98be-52c72ea54931.jpg?v=1758957970,4,,,,,,,,,,,,,,,,,,,,,,,,,,,,,,,,,,,
black-lace-quarter-plate,,,,,,,,,,,,,,,,,,,,,,https://cdn.shopify.com/s/files/1/0910/2642/4090/files/4_8050584d-6399-4160-a9eb-848231bb02c4.jpg?v=1758957970,5,,,,,,,,,,,,,,,,,,,,,,,,,,,,,,,,,,,
black-lace-quarter-plate,,,,,,,,,,,,,,,,,,,,,,https://cdn.shopify.com/s/files/1/0910/2642/4090/files/5_57739ff6-309a-47b6-ad37-fe05fed5f582.jpg?v=1758957970,6,,,,,,,,,,,,,,,,,,,,,,,,,,,,,,,,,,,
black-lace-quarter-plate,,,,,,,,,,,,,,,,,,,,,,https://cdn.shopify.com/s/files/1/0910/2642/4090/files/Size_324985bd-a980-4834-8ae6-5b739c643f8e.jpg?v=1758957970,7,,,,,,,,,,,,,,,,,,,,,,,,,,,,,,,,,,,
azure-bliss-quarter-plates,Azure Bliss Quarter Plates,Serving Platters,,TRUE,Serving Size,Pack Of 4,Q4#5011,0,shopify,61,deny,manual,1350,,TRUE,TRUE,,,,,,https://cdn.shopify.com/s/files/1/0910/2642/4090/files/DSC01060_copy.jpg?v=1758958021,1,,FALSE,,,,,,,,,,,,,,,,,green; floral; white; blue,,,,,,round,melamine,,,,,,kg,,,active
azure-bliss-quarter-plates,,,,,,Pack Of 6,Q6#5011,0,shopify,15,deny,manual,1600,,TRUE,TRUE,,,,,,https://cdn.shopify.com/s/files/1/0910/2642/4090/files/1_a5d739b0-3a72-4d9e-aaec-ca0003ca0108.jpg?v=1758958021,2,,,,,,,,,,,,,,,,,,,,,,,,,,,,,,,,kg,,,
azure-bliss-quarter-plates,,,,,,Pack Of 8,Q8#5011,0,shopify,14,deny,manual,1850,,TRUE,TRUE,,,,,,https://cdn.shopify.com/s/files/1/0910/2642/4090/files/2_5e703360-f4e0-41e9-83e0-6fbd421ced06.jpg?v=1758958021,3,,,,,,,,,,,,,,,,,,,,,,,,,,,,,,,,kg,,,
azure-bliss-quarter-plates,,,,,,,,,,,,,,,,,,,,,,https://cdn.shopify.com/s/files/1/0910/2642/4090/files/3_f9470a8d-a85f-49b2-a068-0de0831f9139.jpg?v=1758958021,4,,,,,,,,,,,,,,,,,,,,,,,,,,,,,,,,,,,
azure-bliss-quarter-plates,,,,,,,,,,,,,,,,,,,,,,https://cdn.shopify.com/s/files/1/0910/2642/4090/files/4_d3a1e44a-7890-4d4b-9d76-0f7183a8b766.jpg?v=1758958021,5,,,,,,,,,,,,,,,,,,,,,,,,,,,,,,,,,,,
azure-bliss-quarter-plates,,,,,,,,,,,,,,,,,,,,,,https://cdn.shopify.com/s/files/1/0910/2642/4090/files/5_666d1b5f-944d-4cb6-9fc6-b3569bc6c170.jpg?v=1758958021,6,,,,,,,,,,,,,,,,,,,,,,,,,,,,,,,,,,,
azure-bliss-quarter-plates,,,,,,,,,,,,,,,,,,,,,,https://cdn.shopify.com/s/files/1/0910/2642/4090/files/Size.jpg?v=1758958021,7,,,,,,,,,,,,,,,,,,,,,,,,,,,,,,,,,,,
sea-of-blue-dinner-set,Sea of Blue Dinner Set,Dinnerware Sets,,TRUE,Serving Size,4 Person serving Dinner Set = 22 PCS,DS4#5056,0,shopify,10,deny,manual,5780,,TRUE,TRUE,,,,,,https://cdn.shopify.com/s/files/1/0910/2642/4090/files/sea_of_blue.jpg?v=1757947988,1,,FALSE,,,,,,,,,,,,,,,,,,,,,,,,,,,,,,kg,,,active
sea-of-blue-dinner-set,,,,,,6 Person serving Dinner Set = 30 PCS,DS6#5056,0,shopify,6,deny,manual,7880,,TRUE,TRUE,,,,,,https://cdn.shopify.com/s/files/1/0910/2642/4090/files/DSC09927copy.jpg?v=1757947988,2,,,,,,,,,,,,,,,,,,,,,,,,,,,,,,,,kg,,,
sea-of-blue-dinner-set,,,,,,8 Person serving Dinner Set = 43 PCS,DS8#5056,0,shopify,4,deny,manual,10499,,TRUE,TRUE,,,,,,https://cdn.shopify.com/s/files/1/0910/2642/4090/files/DSC09912copy.jpg?v=1757947988,3,,,,,,,,,,,,,,,,,,,,,,,,,,,,,,,,kg,,,
sea-of-blue-dinner-set,,,,,,,,,,,,,,,,,,,,,,https://cdn.shopify.com/s/files/1/0910/2642/4090/files/DSC09933copy.jpg?v=1757947988,4,,,,,,,,,,,,,,,,,,,,,,,,,,,,,,,,,,,
sea-of-blue-dinner-set,,,,,,,,,,,,,,,,,,,,,,https://cdn.shopify.com/s/files/1/0910/2642/4090/files/DSC09944copy.jpg?v=1757947988,5,,,,,,,,,,,,,,,,,,,,,,,,,,,,,,,,,,,
sea-of-blue-dinner-set,,,,,,,,,,,,,,,,,,,,,,https://cdn.shopify.com/s/files/1/0910/2642/4090/files/DSC09961copy.jpg?v=1757947988,6,,,,,,,,,,,,,,,,,,,,,,,,,,,,,,,,,,,
dark-bloom-dinner-set,Dark Bloom Dinner Set,Dinnerware Sets,,TRUE,Serving Size,4 Person serving Dinner Set = 22 PCS,DS4#5057,0,shopify,4,deny,manual,5780,,TRUE,TRUE,,,,,,https://cdn.shopify.com/s/files/1/0910/2642/4090/files/dark_bloom.jpg?v=1757948047,1,,FALSE,,,,,,,,,,,,,,,,,,,,,,,,,,,,,,kg,,,active
dark-bloom-dinner-set,,,,,,6 Person serving Dinner Set = 30 PCS,DS6#5057,0,shopify,5,deny,manual,7880,,TRUE,TRUE,,,,,,https://cdn.shopify.com/s/files/1/0910/2642/4090/files/DSC09859copy.jpg?v=1757948047,2,,,,,,,,,,,,,,,,,,,,,,,,,,,,,,,,kg,,,
dark-bloom-dinner-set,,,,,,8 Person serving Dinner Set = 43 PCS,DS8#5057,0,shopify,3,deny,manual,10499,,TRUE,TRUE,,,,,,https://cdn.shopify.com/s/files/1/0910/2642/4090/files/DSC09868copy.jpg?v=1757948047,3,,,,,,,,,,,,,,,,,,,,,,,,,,,,,,,,kg,,,
dark-bloom-dinner-set,,,,,,,,,,,,,,,,,,,,,,https://cdn.shopify.com/s/files/1/0910/2642/4090/files/DSC09878copy.jpg?v=1757948047,4,,,,,,,,,,,,,,,,,,,,,,,,,,,,,,,,,,,
dark-bloom-dinner-set,,,,,,,,,,,,,,,,,,,,,,https://cdn.shopify.com/s/files/1/0910/2642/4090/files/DSC09903copy.jpg?v=1757948047,5,,,,,,,,,,,,,,,,,,,,,,,,,,,,,,,,,,,
dark-bloom-dinner-set,,,,,,,,,,,,,,,,,,,,,,https://cdn.shopify.com/s/files/1/0910/2642/4090/files/DSC09904copy.jpg?v=1757948047,6,,,,,,,,,,,,,,,,,,,,,,,,,,,,,,,,,,,
test-product,Test Product,,,FALSE,Title,Default Title,,0,shopify,9,deny,manual,5,,TRUE,FALSE,,,,,,https://cdn.shopify.com/s/files/1/0910/2642/4090/files/Untitleddesign_4.png?v=1756794195,1,,FALSE,,,,,,,,,,,,,,,,,,,,,,,,,,,,,,kg,,,draft
the-party-platter,The Party Platter,Serving Trays,,TRUE,Title,Default Title,MTW#6945,0,shopify,2,deny,manual,2499,,TRUE,TRUE,,,,,,https://cdn.shopify.com/s/files/1/0910/2642/4090/files/5_f10c4bdc-098a-44db-bd51-a6d028b0e028.jpg?v=1752908726,1,,FALSE,,,,,,,,,,,,,,,,,brown,,,,,,rectangular,wood,,,,,,kg,,,active
the-party-platter,,,,,,,,,,,,,,,,,,,,,,https://cdn.shopify.com/s/files/1/0910/2642/4090/files/7_f3d89705-b3d3-4ea3-8668-0c0216553d70.jpg?v=1752908726,2,,,,,,,,,,,,,,,,,,,,,,,,,,,,,,,,,,,
the-party-platter,,,,,,,,,,,,,,,,,,,,,,https://cdn.shopify.com/s/files/1/0910/2642/4090/files/8_568bf9a0-50a1-4a37-9a64-f7de8dace445.jpg?v=1752908726,3,,,,,,,,,,,,,,,,,,,,,,,,,,,,,,,,,,,
the-party-platter,,,,,,,,,,,,,,,,,,,,,,https://cdn.shopify.com/s/files/1/0910/2642/4090/files/6_228cc036-acdf-474e-ba7d-752c460d29eb.jpg?v=1752908726,4,,,,,,,,,,,,,,,,,,,,,,,,,,,,,,,,,,,
snack-star-tray,Snack Star Tray,Serving Trays,,TRUE,Title,Default Title,MTW#6944,0,shopify,1,deny,manual,2499,,TRUE,TRUE,,,,,,https://cdn.shopify.com/s/files/1/0910/2642/4090/files/15_493d3f4d-5f54-4286-bc6f-6c576bdd6ce3.jpg?v=1752908580,1,,FALSE,,,,,,,,,,,,,,,,,,,,,,,,,,,,,,kg,,,active
snack-star-tray,,,,,,,,,,,,,,,,,,,,,,https://cdn.shopify.com/s/files/1/0910/2642/4090/files/DSC01686.jpg?v=1753351820,2,,,,,,,,,,,,,,,,,,,,,,,,,,,,,,,,,,,
snack-star-tray,,,,,,,,,,,,,,,,,,,,,,https://cdn.shopify.com/s/files/1/0910/2642/4090/files/16_dc522d3e-f67c-4c2e-997a-49561cc819b4.jpg?v=1753351820,3,,,,,,,,,,,,,,,,,,,,,,,,,,,,,,,,,,,
snack-star-tray,,,,,,,,,,,,,,,,,,,,,,https://cdn.shopify.com/s/files/1/0910/2642/4090/files/14_5ee228a7-4c9f-4293-92f5-eb3c8a7628be.jpg?v=1753351820,4,,,,,,,,,,,,,,,,,,,,,,,,,,,,,,,,,,,
nuts-nest-tray,Nuts Nest Tray,Serving Trays,,TRUE,Title,Default Title,MTW#6947,0,shopify,4,deny,manual,2499,,TRUE,TRUE,,,,,,https://cdn.shopify.com/s/files/1/0910/2642/4090/files/1_a241808b-1e99-4047-8494-848d248eef50.jpg?v=1753330269,1,,FALSE,,,,,,,,,,,,,,,,,brown,,,,,,round,wood,,,,,,kg,,,active
nuts-nest-tray,,,,,,,,,,,,,,,,,,,,,,https://cdn.shopify.com/s/files/1/0910/2642/4090/files/WhatsApp_Image_2025-07-21_at_3.10.12_PM.jpg?v=1753330269,2,,,,,,,,,,,,,,,,,,,,,,,,,,,,,,,,,,,
nuts-nest-tray,,,,,,,,,,,,,,,,,,,,,,https://cdn.shopify.com/s/files/1/0910/2642/4090/files/3_2fb0d4bd-b8cd-40fa-91fa-bf5e0b3b17c4.jpg?v=1753092895,3,,,,,,,,,,,,,,,,,,,,,,,,,,,,,,,,,,,
nuts-nest-tray,,,,,,,,,,,,,,,,,,,,,,https://cdn.shopify.com/s/files/1/0910/2642/4090/files/2_9107ae0d-cac7-4cc9-92ed-abbb57e08162.jpg?v=1753092895,4,,,,,,,,,,,,,,,,,,,,,,,,,,,,,,,,,,,
nuts-nest-tray,,,,,,,,,,,,,,,,,,,,,,https://cdn.shopify.com/s/files/1/0910/2642/4090/files/4_aea0e0eb-c5ec-4a36-b94c-6bcab9bc840e.jpg?v=1753092895,5,,,,,,,,,,,,,,,,,,,,,,,,,,,,,,,,,,,
luna-curve-tray,Luna Curve Tray,Serving Trays,,TRUE,Title,Default Title,MTW#6969,0,shopify,1,deny,manual,2999,,TRUE,TRUE,,,,,,https://cdn.shopify.com/s/files/1/0910/2642/4090/files/LUNACURVETRAY1.jpg?v=1752908242,1,,FALSE,,,,,,,,,,,,,,,,,geometric,,,,,,rectangular,wood,,,,,,kg,,,active
luna-curve-tray,,,,,,,,,,,,,,,,,,,,,,https://cdn.shopify.com/s/files/1/0910/2642/4090/files/DSC01759.jpg?v=1753419889,2,,,,,,,,,,,,,,,,,,,,,,,,,,,,,,,,,,,
luna-curve-tray,,,,,,,,,,,,,,,,,,,,,,https://cdn.shopify.com/s/files/1/0910/2642/4090/files/LUNACURVETRAY3.jpg?v=1753419889,3,,,,,,,,,,,,,,,,,,,,,,,,,,,,,,,,,,,
luna-curve-tray,,,,,,,,,,,,,,,,,,,,,,https://cdn.shopify.com/s/files/1/0910/2642/4090/files/LUNACURVETRAY2.jpg?v=1753419889,4,,,,,,,,,,,,,,,,,,,,,,,,,,,,,,,,,,,
luna-curve-tray,,,,,,,,,,,,,,,,,,,,,,https://cdn.shopify.com/s/files/1/0910/2642/4090/files/LUNACURVETRAY4.jpg?v=1753419889,5,,,,,,,,,,,,,,,,,,,,,,,,,,,,,,,,,,,
honeycomb-tray,Honeycomb Tray,Serving Trays,,TRUE,Title,Default Title,MTW#6946,0,shopify,6,deny,manual,2499,,TRUE,TRUE,,,,,,https://cdn.shopify.com/s/files/1/0910/2642/4090/files/11_f05cd37d-e884-4483-b072-4721a6f9a80a.jpg?v=1753330303,1,,FALSE,,,,,,,,,,,,,,,,,,,,,,,,,,,,,,kg,,,active
honeycomb-tray,,,,,,,,,,,,,,,,,,,,,,https://cdn.shopify.com/s/files/1/0910/2642/4090/files/Patex_grid_3.jpg?v=1753423585,2,,,,,,,,,,,,,,,,,,,,,,,,,,,,,,,,,,,
honeycomb-tray,,,,,,,,,,,,,,,,,,,,,,https://cdn.shopify.com/s/files/1/0910/2642/4090/files/13_96906ab0-d90d-4b0a-9239-70157f3edc1f.jpg?v=1753423585,3,,,,,,,,,,,,,,,,,,,,,,,,,,,,,,,,,,,
honeycomb-tray,,,,,,,,,,,,,,,,,,,,,,https://cdn.shopify.com/s/files/1/0910/2642/4090/files/12_84c2c52b-4fbb-4480-a2b7-6b08eab5b3cc.jpg?v=1753423585,4,,,,,,,,,,,,,,,,,,,,,,,,,,,,,,,,,,,
holdify,Holdify,Serving Trays,,TRUE,Variants,Red Oak,WMS#001#6679,0,shopify,5,deny,manual,1999,,TRUE,TRUE,,,,,,https://cdn.shopify.com/s/files/1/0910/2642/4090/files/HOLDIFYWMS-001REDOAK.jpg?v=1752907227,1,,FALSE,,,,,,,,,,,,,,,,,brown,,,,portable,,,,,,,,https://cdn.shopify.com/s/files/1/0910/2642/4090/files/HOLDIFYWMS-001REDOAK.jpg?v=1752907227,kg,,,active
holdify,,,,,,American Walnut,WMS#002#6680,0,shopify,5,deny,manual,1999,,TRUE,TRUE,,,,,,https://cdn.shopify.com/s/files/1/0910/2642/4090/files/patex_grid_3_1.jpg?v=1753696409,2,,,,,,,,,,,,,,,,,,,,,,,,,,,,,,,https://cdn.shopify.com/s/files/1/0910/2642/4090/files/HOLDIFYWMS-002WALNUT.jpg?v=1753696409,kg,,,
holdify,,,,,,European Ash,WMS#003#6681,500,shopify,9,deny,manual,1999,,TRUE,TRUE,,,,,,https://cdn.shopify.com/s/files/1/0910/2642/4090/files/patex_grid_1_1.jpg?v=1753696409,3,,,,,,,,,,,,,,,,,,,,,,,,,,,,,,,https://cdn.shopify.com/s/files/1/0910/2642/4090/files/DSC01747.jpg?v=1753696409,kg,,,
holdify,,,,,,Mahogany,WMS#004#6682,0,shopify,7,deny,manual,1999,,TRUE,TRUE,,,,,,https://cdn.shopify.com/s/files/1/0910/2642/4090/files/HOLDIFYWMS-003WHITEASH2.jpg?v=1753696409,4,,,,,,,,,,,,,,,,,,,,,,,,,,,,,,,https://cdn.shopify.com/s/files/1/0910/2642/4090/files/HOLDIFYWMS-004MAHOGANY.jpg?v=1753696409,kg,,,
holdify,,,,,,,,,,,,,,,,,,,,,,https://cdn.shopify.com/s/files/1/0910/2642/4090/files/HOLDIFYWMS-002WALNUT2.jpg?v=1753696409,5,,,,,,,,,,,,,,,,,,,,,,,,,,,,,,,,,,,
holdify,,,,,,,,,,,,,,,,,,,,,,https://cdn.shopify.com/s/files/1/0910/2642/4090/files/HOLDIFYWMS-002WALNUT3.jpg?v=1753696409,6,,,,,,,,,,,,,,,,,,,,,,,,,,,,,,,,,,,
holdify,,,,,,,,,,,,,,,,,,,,,,https://cdn.shopify.com/s/files/1/0910/2642/4090/files/HOLDIFYWMS-002WALNUT.jpg?v=1753696409,7,,,,,,,,,,,,,,,,,,,,,,,,,,,,,,,,,,,
holdify,,,,,,,,,,,,,,,,,,,,,,https://cdn.shopify.com/s/files/1/0910/2642/4090/files/HOLDIFYWMS-003WHITEASH.jpg?v=1753696409,8,,,,,,,,,,,,,,,,,,,,,,,,,,,,,,,,,,,
holdify,,,,,,,,,,,,,,,,,,,,,,https://cdn.shopify.com/s/files/1/0910/2642/4090/files/HOLDIFYWMS-004MAHOGANY2.jpg?v=1753696409,9,,,,,,,,,,,,,,,,,,,,,,,,,,,,,,,,,,,
holdify,,,,,,,,,,,,,,,,,,,,,,https://cdn.shopify.com/s/files/1/0910/2642/4090/files/HOLDIFYWMS-004MAHOGANY3.jpg?v=1753696409,10,,,,,,,,,,,,,,,,,,,,,,,,,,,,,,,,,,,
holdify,,,,,,,,,,,,,,,,,,,,,,https://cdn.shopify.com/s/files/1/0910/2642/4090/files/HOLDIFYWMS-004MAHOGANY.jpg?v=1753696409,11,,,,,,,,,,,,,,,,,,,,,,,,,,,,,,,,,,,
holdify,,,,,,,,,,,,,,,,,,,,,,https://cdn.shopify.com/s/files/1/0910/2642/4090/files/DSC01744.jpg?v=1753696409,12,,,,,,,,,,,,,,,,,,,,,,,,,,,,,,,,,,,
holdify,,,,,,,,,,,,,,,,,,,,,,https://cdn.shopify.com/s/files/1/0910/2642/4090/files/DSC01747.jpg?v=1753696409,13,,,,,,,,,,,,,,,,,,,,,,,,,,,,,,,,,,,
chai-station-tray,Chai Station Tray,Serving Trays,,TRUE,Title,Default Title,MTW#6968,0,shopify,3,deny,manual,2499,,TRUE,TRUE,,,,,,https://cdn.shopify.com/s/files/1/0910/2642/4090/files/9_ece7b58d-53cb-4347-a68d-11eabf98e420.jpg?v=1753330336,1,,FALSE,,,,,,,,,,,,,,,,,brown,,,,,,rectangular,wood,,,,,,kg,,,active
chai-station-tray,,,,,,,,,,,,,,,,,,,,,,https://cdn.shopify.com/s/files/1/0910/2642/4090/files/WhatsApp_Image_2025-07-21_at_3.09.39_PM.jpg?v=1753330336,2,,,,,,,,,,,,,,,,,,,,,,,,,,,,,,,,,,,
chai-station-tray,,,,,,,,,,,,,,,,,,,,,,https://cdn.shopify.com/s/files/1/0910/2642/4090/files/10_1e756984-3b7d-4b6d-81f2-5785231e3d59.jpg?v=1753256800,3,,,,,,,,,,,,,,,,,,,,,,,,,,,,,,,,,,,
cutlery-caddy-tray,Cutlery Caddy Tray,Serving Trays,,TRUE,Title,Default Title,MTW#6970,0,shopify,1,deny,manual,3499,,TRUE,FALSE,,,,,,https://cdn.shopify.com/s/files/1/0910/2642/4090/files/CUTLERYCADDYTRAY1.jpg?v=1752905562,1,,FALSE,,,,,,,,,,,,,,,,,,,,,,,,,,,,,,kg,,,active
cutlery-caddy-tray,,,,,,,,,,,,,,,,,,,,,,https://cdn.shopify.com/s/files/1/0910/2642/4090/files/CUTLERYCADDYTRAY2.jpg?v=1752905562,2,,,,,,,,,,,,,,,,,,,,,,,,,,,,,,,,,,,
cutlery-caddy-tray,,,,,,,,,,,,,,,,,,,,,,https://cdn.shopify.com/s/files/1/0910/2642/4090/files/CUTLERYCADDYTRAY3.jpg?v=1752905562,3,,,,,,,,,,,,,,,,,,,,,,,,,,,,,,,,,,,
cutlery-caddy-tray,,,,,,,,,,,,,,,,,,,,,,https://cdn.shopify.com/s/files/1/0910/2642/4090/files/CUTLERYCADDYTRAY4.jpg?v=1752905562,4,,,,,,,,,,,,,,,,,,,,,,,,,,,,,,,,,,,
slate-mirage-1,Slate Mirage Rice Plate,Serving Platters,,TRUE,Serving Size,Pack Of 4,R4#5053,0,shopify,13,deny,manual,2099,,TRUE,TRUE,,,,,,https://cdn.shopify.com/s/files/1/0910/2642/4090/files/Slate-Mirage-Rice.png?v=1748084543,1,,FALSE,,,3553,,,,,,,,,,,,,,geometric,,,,,,round,melamine,slate-mirage,,,,,kg,,,active
slate-mirage-1,,,,,,Pack Of 6,R6#5053,0,shopify,11,deny,manual,2730,,TRUE,TRUE,,,,,,,,,,,,,,,,,,,,,,,,,,,,,,,,,,,,,,,kg,,,
slate-mirage-1,,,,,,Pack Of 8,R8#5053,0,shopify,7,deny,manual,3360,,TRUE,TRUE,,,,,,,,,,,,,,,,,,,,,,,,,,,,,,,,,,,,,,,kg,,,
slate-mirage,Slate Mirage Deep Plate,Serving Platters,,TRUE,Serving Size,Pack Of 4,D4#5053,0,shopify,18,deny,manual,1580,,TRUE,TRUE,,,,,,https://cdn.shopify.com/s/files/1/0910/2642/4090/files/Slate-Mirage-Deeo.png?v=1748084420,1,,FALSE,,,3553,,,,,,,,,,,,,,white,,,,,,round,melamine,slate-mirage-1,,,,,kg,,,active
slate-mirage,,,,,,Pack Of 6,D6#5053,0,shopify,10,deny,manual,1890,,TRUE,TRUE,,,,,,,,,,,,,,,,,,,,,,,,,,,,,,,,,,,,,,,kg,,,
slate-mirage,,,,,,Pack Of 8,D8#5053,0,shopify,5,deny,manual,2210,,TRUE,TRUE,,,,,,,,,,,,,,,,,,,,,,,,,,,,,,,,,,,,,,,kg,,,
shadow-bloom-1,Shadow Bloom Rice Plate,Serving Platters,,TRUE,Serving Size,Pack Of 4,R4#5046,0,shopify,16,deny,manual,2099,,TRUE,TRUE,,,,,,https://cdn.shopify.com/s/files/1/0910/2642/4090/files/Shadow-Bloom-Rice.png?v=1748084256,1,,FALSE,,,3553,,,,,,,,,,,,,,floral,,,,,,round,melamine,shadow-bloom,,,,,kg,,,active
shadow-bloom-1,,,,,,Pack Of 6,R6#5046,0,shopify,9,deny,manual,2730,,TRUE,TRUE,,,,,,,,,,,,,,,,,,,,,,,,,,,,,,,,,,,,,,,kg,,,
shadow-bloom-1,,,,,,Pack Of 8,R8#5046,0,shopify,64,deny,manual,3360,,TRUE,TRUE,,,,,,,,,,,,,,,,,,,,,,,,,,,,,,,,,,,,,,,kg,,,
shadow-bloom,Shadow Bloom Deep Plate,Serving Platters,,TRUE,Serving Size,Pack Of 4,D4#5046,0,shopify,15,deny,manual,1580,,TRUE,TRUE,,,,,,https://cdn.shopify.com/s/files/1/0910/2642/4090/files/Shadow-Bloom-Deep.png?v=1748084142,1,,FALSE,,,3553,,,,,,,,,,,,,,floral,,,,,,round,melamine,shadow-bloom-1,,,,,kg,,,active
shadow-bloom,,,,,,Pack Of 6,D6#5046,0,shopify,14,deny,manual,1890,,TRUE,TRUE,,,,,,,,,,,,,,,,,,,,,,,,,,,,,,,,,,,,,,,kg,,,
shadow-bloom,,,,,,Pack Of 8,D8#5046,0,shopify,65,deny,manual,2210,,TRUE,TRUE,,,,,,,,,,,,,,,,,,,,,,,,,,,,,,,,,,,,,,,kg,,,
ruby-veda-1,Ruby Veda Rice Plate,Serving Platters,,TRUE,Serving Size,Pack Of 4,R4#5052,0,shopify,7,deny,manual,2099,,TRUE,TRUE,,,,,,https://cdn.shopify.com/s/files/1/0910/2642/4090/files/Ruby-Veda-Rice.png?v=1748083998,1,,FALSE,,,3553,,,,,,,,,,,,,,red,,,,,,round,melamine,ruby-veda,,,,,kg,,,active
ruby-veda-1,,,,,,Pack Of 6,R6#5052,0,shopify,7,deny,manual,2730,,TRUE,TRUE,,,,,,,,,,,,,,,,,,,,,,,,,,,,,,,,,,,,,,,kg,,,
ruby-veda-1,,,,,,Pack Of 8,R8#5052,0,shopify,4,deny,manual,3360,,TRUE,TRUE,,,,,,,,,,,,,,,,,,,,,,,,,,,,,,,,,,,,,,,kg,,,
ruby-veda,Ruby Veda Deep Plate,Serving Platters,,TRUE,Serving Size,Pack Of 4,D4#5052,0,shopify,11,deny,manual,1580,,TRUE,TRUE,,,,,,https://cdn.shopify.com/s/files/1/0910/2642/4090/files/Ruby-Veda-Deep.png?v=1748083810,1,,FALSE,,,3553,,,,,,,,,,,,,,red,,,,,,round,melamine,ruby-veda-1,,,,,kg,,,active
ruby-veda,,,,,,Pack Of 6,D6#5052,0,shopify,7,deny,manual,1890,,TRUE,TRUE,,,,,,,,,,,,,,,,,,,,,,,,,,,,,,,,,,,,,,,kg,,,
ruby-veda,,,,,,Pack Of 8,D8#5052,0,shopify,11,deny,manual,2210,,TRUE,TRUE,,,,,,,,,,,,,,,,,,,,,,,,,,,,,,,,,,,,,,,kg,,,
petal-mist-1,Petal Mist Rice Plate,Serving Platters,,TRUE,Serving Size,Pack Of 4,R4#5051,0,shopify,10,deny,manual,2099,,TRUE,TRUE,,,,,,https://cdn.shopify.com/s/files/1/0910/2642/4090/files/Petal-Mist-Rice.png?v=1748083628,1,,FALSE,,,3553,,,,,,,,,,,,,,floral,,,,,,round,melamine,petal-mist,,,,,kg,,,active
petal-mist-1,,,,,,Pack Of 6,R6#5051,0,shopify,9,deny,manual,2730,,TRUE,TRUE,,,,,,,,,,,,,,,,,,,,,,,,,,,,,,,,,,,,,,,kg,,,
petal-mist-1,,,,,,Pack Of 8,R8#5051,0,shopify,11,deny,manual,3360,,TRUE,TRUE,,,,,,,,,,,,,,,,,,,,,,,,,,,,,,,,,,,,,,,kg,,,
petal-mist,Petal Mist Deep Plate,Serving Platters,,TRUE,Serving Size,Pack Of 4,D4#5051,0,shopify,14,deny,manual,1580,,TRUE,TRUE,,,,,,https://cdn.shopify.com/s/files/1/0910/2642/4090/files/Petal-Mist-Deep.png?v=1748083501,1,,FALSE,,,3553,,,,,,,,,,,,,,floral,,,,,,round,melamine,petal-mist-1,,,,,kg,,,active
petal-mist,,,,,,Pack Of 6,D6#5051,0,shopify,11,deny,manual,1890,,TRUE,TRUE,,,,,,,,,,,,,,,,,,,,,,,,,,,,,,,,,,,,,,,kg,,,
petal-mist,,,,,,Pack Of 8,D8#5051,0,shopify,0,deny,manual,2210,,TRUE,TRUE,,,,,,,,,,,,,,,,,,,,,,,,,,,,,,,,,,,,,,,kg,,,
oro-flux-1,Oro Flux Rice Plate,Serving Platters,,TRUE,Serving Size,Pack Of 4,R4#5050,0,shopify,9,deny,manual,2099,,TRUE,TRUE,,,,,,https://cdn.shopify.com/s/files/1/0910/2642/4090/files/Oro-Flux-Rice.png?v=1748083105,1,,FALSE,,,3553,,,,,,,,,,,,,,white,,,,,,round,melamine,oro-flux,,,,,kg,,,active
oro-flux-1,,,,,,Pack Of 6,R6#5050,0,shopify,11,deny,manual,2730,,TRUE,TRUE,,,,,,,,,,,,,,,,,,,,,,,,,,,,,,,,,,,,,,,kg,,,
oro-flux-1,,,,,,Pack Of 8,R8#5050,0,shopify,9,deny,manual,3360,,TRUE,TRUE,,,,,,,,,,,,,,,,,,,,,,,,,,,,,,,,,,,,,,,kg,,,
oro-flux,Oro Flux Deep Plate,Serving Platters,,TRUE,Serving Size,Pack Of 4,D4#5050,0,shopify,10,deny,manual,1580,,TRUE,TRUE,,,,,,https://cdn.shopify.com/s/files/1/0910/2642/4090/files/Oro-Flux-Deep.png?v=1748082978,1,,FALSE,,,3553,,,,,,,,,,,,,,white,,,,,,round,melamine,oro-flux-1,,,,,kg,,,active
oro-flux,,,,,,Pack Of 6,D6#5050,0,shopify,13,deny,manual,1890,,TRUE,TRUE,,,,,,,,,,,,,,,,,,,,,,,,,,,,,,,,,,,,,,,kg,,,
oro-flux,,,,,,Pack Of 8,D8#5050,0,shopify,10,deny,manual,2210,,TRUE,TRUE,,,,,,,,,,,,,,,,,,,,,,,,,,,,,,,,,,,,,,,kg,,,
orion-shift-1,Orion Shift Rice Plate,Serving Platters,,TRUE,Serving Size,Pack Of 4,R4#5048,0,shopify,17,deny,manual,2099,,TRUE,TRUE,,,,,,https://cdn.shopify.com/s/files/1/0910/2642/4090/files/Orion-Shift-Rice.png?v=1748082743,1,,FALSE,,,3553,,,,,,,,,,,,,,black,,,,,,round,melamine,orion-shift,,,,,kg,,,active
orion-shift-1,,,,,,Pack Of 6,R6#5048,0,shopify,4,deny,manual,2730,,TRUE,TRUE,,,,,,,,,,,,,,,,,,,,,,,,,,,,,,,,,,,,,,,kg,,,
orion-shift-1,,,,,,Pack Of 8,R8#5048,0,shopify,8,deny,manual,3360,,TRUE,TRUE,,,,,,,,,,,,,,,,,,,,,,,,,,,,,,,,,,,,,,,kg,,,
orion-shift,Orion Shift Deep Plate,Serving Platters,,TRUE,Serving Size,Pack Of 4,D4#5048,0,shopify,18,deny,manual,1580,,TRUE,TRUE,,,,,,https://cdn.shopify.com/s/files/1/0910/2642/4090/files/Orion-Shift-Deep.png?v=1748082586,1,,FALSE,,,3553,,,,,,,,,,,,,,black,,,,,,round,melamine,orion-shift-1,,,,,kg,,,active
orion-shift,,,,,,Pack Of 6,D6#5048,0,shopify,9,deny,manual,1890,,TRUE,TRUE,,,,,,,,,,,,,,,,,,,,,,,,,,,,,,,,,,,,,,,kg,,,
orion-shift,,,,,,Pack Of 8,D8#5048,0,shopify,13,deny,manual,2210,,TRUE,TRUE,,,,,,,,,,,,,,,,,,,,,,,,,,,,,,,,,,,,,,,kg,,,
melami-magic-1,Melami Magic Rice Plate,Serving Platters,,TRUE,Serving Size,Pack Of 4,R4#5049,0,shopify,8,deny,manual,2099,,TRUE,TRUE,,,,,,https://cdn.shopify.com/s/files/1/0910/2642/4090/files/Melami-Magic-Rice.png?v=1748082383,1,,FALSE,,,3553,,,,,,,,,,,,,,black,,,,,,round,melamine,melami-magic,,,,,kg,,,active
melami-magic-1,,,,,,Pack Of 6,R6#5049,0,shopify,8,deny,manual,2730,,TRUE,TRUE,,,,,,,,,,,,,,,,,,,,,,,,,,,,,,,,,,,,,,,kg,,,
melami-magic-1,,,,,,Pack Of 8,R8#5049,0,shopify,8,deny,manual,3360,,TRUE,TRUE,,,,,,,,,,,,,,,,,,,,,,,,,,,,,,,,,,,,,,,kg,,,
melami-magic,Melami Magic Deep Plate,Serving Platters,,TRUE,Serving Size,Pack Of 4,D4#5049,0,shopify,10,deny,manual,1580,,TRUE,TRUE,,,,,,https://cdn.shopify.com/s/files/1/0910/2642/4090/files/Melami-Magic-Deep.png?v=1748082121,1,,FALSE,,,3553,,,,,,,,,,,,,,white,,,,,,round,melamine,melami-magic-1,,,,,kg,,,active
melami-magic,,,,,,Pack Of 6,D6#5049,0,shopify,9,deny,manual,1890,,TRUE,TRUE,,,,,,,,,,,,,,,,,,,,,,,,,,,,,,,,,,,,,,,kg,,,
melami-magic,,,,,,Pack Of 8,D8#5049,0,shopify,10,deny,manual,2210,,TRUE,TRUE,,,,,,,,,,,,,,,,,,,,,,,,,,,,,,,,,,,,,,,kg,,,
indigo-drift-1,Indigo Drift Rice Plate,,,TRUE,Serving Size,Pack Of 4,R4#5047,0,shopify,14,deny,manual,2099,,TRUE,TRUE,,,,,,https://cdn.shopify.com/s/files/1/0910/2642/4090/files/Indigo-Drift-Rice.png?v=1748081847,1,,FALSE,,,3553,,,,,,,,,,,,,,floral,,,,,,round,melamine,indigo-drift,,,,,kg,,,active
indigo-drift-1,,,,,,Pack Of 6,R6#5047,0,shopify,15,deny,manual,2730,,TRUE,TRUE,,,,,,,,,,,,,,,,,,,,,,,,,,,,,,,,,,,,,,,kg,,,
indigo-drift-1,,,,,,Pack Of 8,R8#5047,0,shopify,14,deny,manual,3360,,TRUE,TRUE,,,,,,,,,,,,,,,,,,,,,,,,,,,,,,,,,,,,,,,kg,,,
indigo-drift,Indigo Drift Deep Plate,Serving Platters,,TRUE,Serving Size,Pack Of 4,D4#5047,0,shopify,16,deny,manual,1580,,TRUE,TRUE,,,,,,https://cdn.shopify.com/s/files/1/0910/2642/4090/files/Indigo-Drift-Deep.png?v=1748081663,1,,FALSE,,,3553,,,,,,,,,,,,,,white,,,,,,round,melamine,indigo-drift-1,,,,,kg,,,active
indigo-drift,,,,,,Pack Of 6,D6#5047,0,shopify,15,deny,manual,1890,,TRUE,TRUE,,,,,,,,,,,,,,,,,,,,,,,,,,,,,,,,,,,,,,,kg,,,
indigo-drift,,,,,,Pack Of 8,D8#5047,0,shopify,14,deny,manual,2210,,TRUE,TRUE,,,,,,,,,,,,,,,,,,,,,,,,,,,,,,,,,,,,,,,kg,,,
shadow-bloom-dinner-set,Shadow Bloom Dinner Set,Dinnerware Sets,,TRUE,Serving Size,4 Person serving Dinner Set = 22 PCS,DS4#5046,0,shopify,8,deny,manual,5780,,TRUE,TRUE,,,,,,https://cdn.shopify.com/s/files/1/0910/2642/4090/files/Shadow-Bloom-Dinner-Set.png?v=1747823334,1,,FALSE,,,5537,,,,,,,,,,,,,,floral,,bowls; dinner-plates; salad-plate,,,,,melamine,,,,,,kg,,,active
shadow-bloom-dinner-set,,,,,,6 Person serving Dinner Set = 30 PCS,DS6#5046,0,shopify,9,deny,manual,7880,,TRUE,TRUE,,,,,,https://cdn.shopify.com/s/files/1/0910/2642/4090/files/Shadow-Bloom-Dinner-Set-2.png?v=1747823334,2,,,,,,,,,,,,,,,,,,,,,,,,,,,,,,,,kg,,,
shadow-bloom-dinner-set,,,,,,8 Person serving Dinner Set = 43 PCS,DS8#5046,0,shopify,2,deny,manual,10499,,TRUE,TRUE,,,,,,https://cdn.shopify.com/s/files/1/0910/2642/4090/files/Shadow-Bloom-Dinner-Set3.png?v=1747823334,3,,,,,,,,,,,,,,,,,,,,,,,,,,,,,,,,kg,,,
indigo-drift-dinner-set,Indigo Drift Dinner Set,Dinnerware Sets,,TRUE,Serving Size,4 Person serving Dinner Set = 22 PCS,DS4#5047,0,shopify,15,deny,manual,5780,,TRUE,TRUE,,,,,,https://cdn.shopify.com/s/files/1/0910/2642/4090/files/Indigo-Drift-Set.png?v=1747823117,1,,FALSE,,,5537,,,,,,,,,,,,,,blue; white,,bowls; dinner-plates; salad-plate; serving-bowl,,,,,melamine,,,,,,kg,,,active
indigo-drift-dinner-set,,,,,,6 Person serving Dinner Set = 30 PCS,DS6#5047,0,shopify,10,deny,manual,7880,,TRUE,TRUE,,,,,,https://cdn.shopify.com/s/files/1/0910/2642/4090/files/Indigo-Drift-Set-2.png?v=1747823117,2,,,,,,,,,,,,,,,,,,,,,,,,,,,,,,,,kg,,,
indigo-drift-dinner-set,,,,,,8 Person serving Dinner Set = 43 PCS,DS8#5047,0,shopify,8,deny,manual,10499,,TRUE,TRUE,,,,,,https://cdn.shopify.com/s/files/1/0910/2642/4090/files/Indigo-Drift-Set-7.png?v=1748327026,3,,,,,,,,,,,,,,,,,,,,,,,,,,,,,,,,kg,,,
indigo-drift-dinner-set,,,,,,,,,,,,,,,,,,,,,,https://cdn.shopify.com/s/files/1/0910/2642/4090/files/Indigo-Drift-Set-8.png?v=1748327026,4,,,,,,,,,,,,,,,,,,,,,,,,,,,,,,,,,,,
indigo-drift-dinner-set,,,,,,,,,,,,,,,,,,,,,,https://cdn.shopify.com/s/files/1/0910/2642/4090/files/Indigo-Drift-Set-3.png?v=1748327026,5,,,,,,,,,,,,,,,,,,,,,,,,,,,,,,,,,,,
indigo-drift-dinner-set,,,,,,,,,,,,,,,,,,,,,,https://cdn.shopify.com/s/files/1/0910/2642/4090/files/Indigo-Drift-Set-4.png?v=1748327026,6,,,,,,,,,,,,,,,,,,,,,,,,,,,,,,,,,,,
indigo-drift-dinner-set,,,,,,,,,,,,,,,,,,,,,,https://cdn.shopify.com/s/files/1/0910/2642/4090/files/Indigo-Drift-Set-5.png?v=1748327026,7,,,,,,,,,,,,,,,,,,,,,,,,,,,,,,,,,,,
indigo-drift-dinner-set,,,,,,,,,,,,,,,,,,,,,,https://cdn.shopify.com/s/files/1/0910/2642/4090/files/Indigo-Drift-Set-6.png?v=1748327026,8,,,,,,,,,,,,,,,,,,,,,,,,,,,,,,,,,,,
orion-shift-dinner-set,Orion Shift Dinner Set,Dinnerware Sets,,TRUE,Serving Size,4 Person serving Dinner Set = 22 PCS,DS4#5048,0,shopify,7,deny,manual,5780,,TRUE,TRUE,,,,,,https://cdn.shopify.com/s/files/1/0910/2642/4090/files/Orion-Shift-Dinner-Set.png?v=1747822873,1,,FALSE,,,5537,,,,,,,,,,,,,,geometric,,bowls; dinner-plates; salad-plate,,,,,melamine,,,,,,kg,,,active
orion-shift-dinner-set,,,,,,6 Person serving Dinner Set = 30 PCS,DS6#5048,0,shopify,9,deny,manual,7880,,TRUE,TRUE,,,,,,https://cdn.shopify.com/s/files/1/0910/2642/4090/files/Orion-Shift-Dinner-Set2.png?v=1747822873,2,,,,,,,,,,,,,,,,,,,,,,,,,,,,,,,,kg,,,
orion-shift-dinner-set,,,,,,8 Person serving Dinner Set = 43 PCS,DS8#5048,0,shopify,6,deny,manual,10499,,TRUE,TRUE,,,,,,https://cdn.shopify.com/s/files/1/0910/2642/4090/files/Orion-Shift-Dinner-Set3.png?v=1747822873,3,,,,,,,,,,,,,,,,,,,,,,,,,,,,,,,,kg,,,
black-lace-dinner-set,Black Lace Dinner Set,Dinnerware Sets,,TRUE,Serving Size,4 Person serving Dinner Set = 22 PCS,DS4#5041,0,shopify,7,deny,manual,5780,,TRUE,TRUE,,,,,,https://cdn.shopify.com/s/files/1/0910/2642/4090/files/Black-Lace-Dinner-set.png?v=1747822592,1,,FALSE,,,5537,,,,,,,,,,,,,,white; black,,bowls; dinner-plates; salad-plate; serving-bowl,,,,,melamine,,,,,,kg,,,active
black-lace-dinner-set,,,,,,6 Person serving Dinner Set = 30 PCS,DS6#5041,0,shopify,8,deny,manual,7880,,TRUE,TRUE,,,,,,https://cdn.shopify.com/s/files/1/0910/2642/4090/files/Black-Lace-Dinner-set2.png?v=1747822593,2,,,,,,,,,,,,,,,,,,,,,,,,,,,,,,,,kg,,,
black-lace-dinner-set,,,,,,8 Person serving Dinner Set = 43 PCS,DS8#5041,0,shopify,1,deny,manual,10499,,TRUE,TRUE,,,,,,https://cdn.shopify.com/s/files/1/0910/2642/4090/files/Black-Lace-Dinner-se3.png?v=1747997640,3,,,,,,,,,,,,,,,,,,,,,,,,,,,,,,,,kg,,,
black-lace-dinner-set,,,,,,,,,,,,,,,,,,,,,,https://cdn.shopify.com/s/files/1/0910/2642/4090/files/Black-Lace-Dinner-se4.png?v=1747997641,4,,,,,,,,,,,,,,,,,,,,,,,,,,,,,,,,,,,
black-lace-dinner-set,,,,,,,,,,,,,,,,,,,,,,https://cdn.shopify.com/s/files/1/0910/2642/4090/files/Black-Lace-Dinner-se5.png?v=1747997641,5,,,,,,,,,,,,,,,,,,,,,,,,,,,,,,,,,,,
black-lace-dinner-set,,,,,,,,,,,,,,,,,,,,,,https://cdn.shopify.com/s/files/1/0910/2642/4090/files/Black-Lace-Dinner-se6.png?v=1747997641,6,,,,,,,,,,,,,,,,,,,,,,,,,,,,,,,,,,,
black-lace-dinner-set,,,,,,,,,,,,,,,,,,,,,,https://cdn.shopify.com/s/files/1/0910/2642/4090/files/Black-Lace-Dinner-se7.png?v=1747997641,7,,,,,,,,,,,,,,,,,,,,,,,,,,,,,,,,,,,
saffron-lace-1,Saffron Lace Rice Plate,Serving Platters,,TRUE,Serving Size,Pack Of 4,R4#5044,0,shopify,13,deny,manual,2099,,TRUE,TRUE,,,,,,https://cdn.shopify.com/s/files/1/0910/2642/4090/files/DSC08392-_3_82b715c1-8af9-437b-9995-6a4058e657fc.png?v=1744112462,1,,FALSE,,,3553,,,,,,,,,,,,,,red,,,,,,round,melamine,saffron-lace,,,,,kg,,,active
saffron-lace-1,,,,,,Pack Of 6,R6#5044,0,shopify,11,deny,manual,2730,,TRUE,TRUE,,,,,,https://cdn.shopify.com/s/files/1/0910/2642/4090/files/Group_2_copy.jpg?v=1744112462,2,,,,,,,,,,,,,,,,,,,,,,,,,,,,,,,,kg,,,
saffron-lace-1,,,,,,Pack Of 8,R8#5044,0,shopify,9,deny,manual,3360,,TRUE,TRUE,,,,,,https://cdn.shopify.com/s/files/1/0910/2642/4090/files/Layer_20.jpg?v=1744112462,3,,,,,,,,,,,,,,,,,,,,,,,,,,,,,,,,kg,,,
saffron-lace-1,,,,,,,,,,,,,,,,,,,,,,https://cdn.shopify.com/s/files/1/0910/2642/4090/files/Frame-35009-scaled_3d7a2705-b0c1-42d8-bb02-5d9a8e5a8b54.png?v=1744112462,4,,,,,,,,,,,,,,,,,,,,,,,,,,,,,,,,,,,
saffron-lace,Saffron Lace Deep Plate,Serving Platters,,TRUE,Serving Size,Pack Of 4,D4#5044,0,shopify,9,deny,manual,1580,,TRUE,TRUE,,,,,,https://cdn.shopify.com/s/files/1/0910/2642/4090/files/DSC08392-_5_48c618cc-cad5-4966-bba1-d17288d985a9.png?v=1744112534,1,,FALSE,,,3553,,,,,,,,,,,,,,white,,,,,,round,melamine,saffron-lace-1,,,,,kg,,,active
saffron-lace,,,,,,Pack Of 6,D6#5044,0,shopify,12,deny,manual,1890,,TRUE,TRUE,,,,,,https://cdn.shopify.com/s/files/1/0910/2642/4090/files/Group_1_copy_2.jpg?v=1744112534,2,,,,,,,,,,,,,,,,,,,,,,,,,,,,,,,,kg,,,
saffron-lace,,,,,,Pack Of 8,D8#5044,0,shopify,9,deny,manual,2210,,TRUE,TRUE,,,,,,https://cdn.shopify.com/s/files/1/0910/2642/4090/files/Layer_23.jpg?v=1744112534,3,,,,,,,,,,,,,,,,,,,,,,,,,,,,,,,,kg,,,
saffron-lace,,,,,,,,,,,,,,,,,,,,,,https://cdn.shopify.com/s/files/1/0910/2642/4090/files/Frame-35009-scaled_fdeb2722-9bf1-4892-964f-0285d1185cf6.png?v=1744112534,4,,,,,,,,,,,,,,,,,,,,,,,,,,,,,,,,,,,
marrakesh-bloom-1,Marrakesh Bloom Rice Plate,Serving Platters,,TRUE,Serving Size,Pack Of 4,R4#5043,0,shopify,10,deny,manual,2099,,TRUE,TRUE,,,,,,https://cdn.shopify.com/s/files/1/0910/2642/4090/files/DSC08392-_4_b559315d-0aef-4308-b451-7b76b3ea8afd.png?v=1744112677,1,,FALSE,,,3553,,,,,,,,,,,,,,white,,,,,,round,melamine,marrakesh-bloom,,,,,kg,,,active
marrakesh-bloom-1,,,,,,Pack Of 6,R6#5043,0,shopify,10,deny,manual,2730,,TRUE,TRUE,,,,,,https://cdn.shopify.com/s/files/1/0910/2642/4090/files/Group_2_copy_4.jpg?v=1744112677,2,,,,,,,,,,,,,,,,,,,,,,,,,,,,,,,,kg,,,
marrakesh-bloom-1,,,,,,Pack Of 8,R8#5043,0,shopify,13,deny,manual,3360,,TRUE,TRUE,,,,,,https://cdn.shopify.com/s/files/1/0910/2642/4090/files/Layer_19_copy_2.jpg?v=1744112677,3,,,,,,,,,,,,,,,,,,,,,,,,,,,,,,,,kg,,,
marrakesh-bloom-1,,,,,,,,,,,,,,,,,,,,,,https://cdn.shopify.com/s/files/1/0910/2642/4090/files/Frame-35009-scaled_a49c9315-5fe6-4a9b-beef-b243eb7241e2.png?v=1744112677,4,,,,,,,,,,,,,,,,,,,,,,,,,,,,,,,,,,,
marrakesh-bloom,Marrakesh Bloom Deep Plate,Serving Platters,,TRUE,Serving Size,Pack Of 4,D4#5043,0,shopify,10,deny,manual,1580,,TRUE,TRUE,,,,,,https://cdn.shopify.com/s/files/1/0910/2642/4090/files/12.png?v=1743684339,1,,FALSE,,,3553,,,,,,,,,,,,,,white,,,,,,round,melamine,marrakesh-bloom-1,,,,,kg,,,active
marrakesh-bloom,,,,,,Pack Of 6,D6#5043,0,shopify,10,deny,manual,1890,,TRUE,TRUE,,,,,,https://cdn.shopify.com/s/files/1/0910/2642/4090/files/Group_1_copy_3.jpg?v=1744112182,2,,,,,,,,,,,,,,,,,,,,,,,,,,,,,,,,kg,,,
marrakesh-bloom,,,,,,Pack Of 8,D8#5043,0,shopify,10,deny,manual,2210,,TRUE,TRUE,,,,,,https://cdn.shopify.com/s/files/1/0910/2642/4090/files/Layer_24.jpg?v=1744112182,3,,,,,,,,,,,,,,,,,,,,,,,,,,,,,,,,kg,,,
marrakesh-bloom,,,,,,,,,,,,,,,,,,,,,,https://cdn.shopify.com/s/files/1/0910/2642/4090/files/Frame-35009-scaled_504df79b-ced2-4d10-8920-78bfea9af693.png?v=1744112181,4,,,,,,,,,,,,,,,,,,,,,,,,,,,,,,,,,,,
blue-dahlia-1,Blue Dahlia Rice Plate,Serving Platters,,TRUE,Serving Size,Pack Of 4,R4#5042,0,shopify,8,deny,manual,2099,,TRUE,TRUE,,,,,,https://cdn.shopify.com/s/files/1/0910/2642/4090/files/DSC08392-_1_81a61d54-62df-46da-8f1e-cf2219dc0140.png?v=1744112274,1,,FALSE,,,3553,,,,,,,,,,,,,,blue,,,,,,round,melamine,blue-dahlia,,,,,kg,,,active
blue-dahlia-1,,,,,,Pack Of 6,R6#5042,0,shopify,9,deny,manual,2730,,TRUE,TRUE,,,,,,https://cdn.shopify.com/s/files/1/0910/2642/4090/files/Group_2_copy_3.jpg?v=1744112274,2,,,,,,,,,,,,,,,,,,,,,,,,,,,,,,,,kg,,,
blue-dahlia-1,,,,,,Pack Of 8,R8#5042,0,shopify,10,deny,manual,3360,,TRUE,TRUE,,,,,,https://cdn.shopify.com/s/files/1/0910/2642/4090/files/Layer_22.jpg?v=1744112274,3,,,,,,,,,,,,,,,,,,,,,,,,,,,,,,,,kg,,,
blue-dahlia-1,,,,,,,,,,,,,,,,,,,,,,https://cdn.shopify.com/s/files/1/0910/2642/4090/files/Frame-35009-scaled_00df34cd-69d2-4489-b348-49951706a417.png?v=1744112274,4,,,,,,,,,,,,,,,,,,,,,,,,,,,,,,,,,,,
blue-dahlia,Blue Dahlia Deep Plate,Serving Platters,,TRUE,Serving Size,Pack Of 4,D4#5042,0,shopify,8,deny,manual,1580,,TRUE,TRUE,,,,,,https://cdn.shopify.com/s/files/1/0910/2642/4090/files/13.png?v=1743683971,1,,FALSE,,,3553,,,,,,,,,,,,,,blue,,,,,,round,melamine,blue-dahlia-1,,,,,kg,,,active
blue-dahlia,,,,,,Pack Of 6,D6#5042,0,shopify,9,deny,manual,1890,,TRUE,TRUE,,,,,,https://cdn.shopify.com/s/files/1/0910/2642/4090/files/Group_1_copy_4.jpg?v=1744112213,2,,,,,,,,,,,,,,,,,,,,,,,,,,,,,,,,kg,,,
blue-dahlia,,,,,,Pack Of 8,D8#5042,0,shopify,8,deny,manual,2210,,TRUE,TRUE,,,,,,https://cdn.shopify.com/s/files/1/0910/2642/4090/files/Layer_26.jpg?v=1744112213,3,,,,,,,,,,,,,,,,,,,,,,,,,,,,,,,,kg,,,
blue-dahlia,,,,,,,,,,,,,,,,,,,,,,https://cdn.shopify.com/s/files/1/0910/2642/4090/files/Frame-35009-scaled_2849a8fc-324b-4432-9867-b29ec0360d36.png?v=1744112213,4,,,,,,,,,,,,,,,,,,,,,,,,,,,,,,,,,,,
black-lace-1,Black Lace Rice Plate,Serving Platters,,TRUE,Serving Size,Pack Of 4,R4#5041,0,shopify,14,deny,manual,2099,,TRUE,TRUE,,,,,,https://cdn.shopify.com/s/files/1/0910/2642/4090/files/DSC08392-_2.png?v=1743683772,1,,FALSE,,,3553,,,,,,,,,,,,,,black,,,,,,round,melamine,black-lace,,,,,kg,,,active
black-lace-1,,,,,,Pack Of 6,R6#5041,0,shopify,15,deny,manual,2730,,TRUE,TRUE,,,,,,https://cdn.shopify.com/s/files/1/0910/2642/4090/files/Group_2_copy_2.jpg?v=1744114742,2,,,,,,,,,,,,,,,,,,,,,,,,,,,,,,,,kg,,,
black-lace-1,,,,,,Pack Of 8,R8#5041,0,shopify,15,deny,manual,3360,,TRUE,TRUE,,,,,,https://cdn.shopify.com/s/files/1/0910/2642/4090/files/Layer_21.jpg?v=1744114743,3,,,,,,,,,,,,,,,,,,,,,,,,,,,,,,,,kg,,,
black-lace-1,,,,,,,,,,,,,,,,,,,,,,https://cdn.shopify.com/s/files/1/0910/2642/4090/files/Frame-35009-scaled_4cab122e-cc55-43ee-bce1-bd83f1ddfcec.png?v=1744114743,4,,,,,,,,,,,,,,,,,,,,,,,,,,,,,,,,,,,
black-lace,Black Lace Deep Plate,Serving Platters,,TRUE,Serving Size,Pack Of 4,D4#5041,0,shopify,14,deny,manual,1580,,TRUE,TRUE,,,,,,https://cdn.shopify.com/s/files/1/0910/2642/4090/files/14.png?v=1743683596,1,,FALSE,,,3553,,,,,,,,,,,,,,black,,,,,,round,melamine,black-lace-1,,,,,kg,,,active
black-lace,,,,,,Pack Of 6,D6#5041,0,shopify,12,deny,manual,1890,,TRUE,TRUE,,,,,,https://cdn.shopify.com/s/files/1/0910/2642/4090/files/Group_1_copy.jpg?v=1744114763,2,,,,,,,,,,,,,,,,,,,,,,,,,,,,,,,,kg,,,
black-lace,,,,,,Pack Of 8,D8#5041,0,shopify,14,deny,manual,2210,,TRUE,TRUE,,,,,,https://cdn.shopify.com/s/files/1/0910/2642/4090/files/Layer_25.jpg?v=1744114764,3,,,,,,,,,,,,,,,,,,,,,,,,,,,,,,,,kg,,,
black-lace,,,,,,,,,,,,,,,,,,,,,,https://cdn.shopify.com/s/files/1/0910/2642/4090/files/Frame-35009-scaled_a5f3b13b-8b50-4119-951c-585fff34f831.png?v=1744114764,4,,,,,,,,,,,,,,,,,,,,,,,,,,,,,,,,,,,
wellness-station-2,Wellness Station,Serving Trays,,TRUE,Variants,Option 1,WT#110,0,shopify,0,deny,manual,750,,TRUE,TRUE,,,,,,https://cdn.shopify.com/s/files/1/0910/2642/4090/files/12_319bf900-7fdd-4f06-bb90-635567521350.jpg?v=1741687498,1,,FALSE,,,6456,,,,,,,,,,,,,,brown,wood,,,,,,,,,,,https://cdn.shopify.com/s/files/1/0910/2642/4090/files/12_319bf900-7fdd-4f06-bb90-635567521350.jpg?v=1741687498,kg,,,active
wellness-station-2,,,,,,Option 2,WT#109,0,shopify,4,deny,manual,650,,TRUE,TRUE,,,,,,https://cdn.shopify.com/s/files/1/0910/2642/4090/files/11_57a7bfff-3d83-41fd-a3d8-67a36a97bb43.jpg?v=1741687498,2,,,,,,,,,,,,,,,,,,,,,,,,,,,,,,,https://cdn.shopify.com/s/files/1/0910/2642/4090/files/19_ce3b9bf7-e670-4a79-b8bb-0c975eceb295.jpg?v=1749726975,kg,,,
wellness-station-2,,,,,,Option 3,WT#108,0,shopify,5,deny,manual,650,,TRUE,TRUE,,,,,,https://cdn.shopify.com/s/files/1/0910/2642/4090/files/5_affce6ef-8c9f-4c9f-89b5-4378676601f2.jpg?v=1749726975,3,,,,,,,,,,,,,,,,,,,,,,,,,,,,,,,https://cdn.shopify.com/s/files/1/0910/2642/4090/files/10_25145fd8-d00c-43fd-ab67-0bad6b80ff29.jpg?v=1749726975,kg,,,
wellness-station-2,,,,,,,,,,,,,,,,,,,,,,https://cdn.shopify.com/s/files/1/0910/2642/4090/files/10_25145fd8-d00c-43fd-ab67-0bad6b80ff29.jpg?v=1749726975,4,,,,,,,,,,,,,,,,,,,,,,,,,,,,,,,,,,,
wellness-station-2,,,,,,,,,,,,,,,,,,,,,,https://cdn.shopify.com/s/files/1/0910/2642/4090/files/9_91298761-678e-4dc8-af8a-bf24307adf2b.jpg?v=1749726975,5,,,,,,,,,,,,,,,,,,,,,,,,,,,,,,,,,,,
wellness-station-2,,,,,,,,,,,,,,,,,,,,,,https://cdn.shopify.com/s/files/1/0910/2642/4090/files/11_f92a1e94-f03b-4e0b-a742-faeeb78e40da.jpg?v=1749726975,6,,,,,,,,,,,,,,,,,,,,,,,,,,,,,,,,,,,
wellness-station-2,,,,,,,,,,,,,,,,,,,,,,https://cdn.shopify.com/s/files/1/0910/2642/4090/files/19_ce3b9bf7-e670-4a79-b8bb-0c975eceb295.jpg?v=1749726975,7,,,,,,,,,,,,,,,,,,,,,,,,,,,,,,,,,,,
wellness-station-2,,,,,,,,,,,,,,,,,,,,,,https://cdn.shopify.com/s/files/1/0910/2642/4090/files/20_b039be9f-351f-4ab1-b43b-9aa3c19b7e31.jpg?v=1749726975,8,,,,,,,,,,,,,,,,,,,,,,,,,,,,,,,,,,,
wellness-station-2,,,,,,,,,,,,,,,,,,,,,,https://cdn.shopify.com/s/files/1/0910/2642/4090/files/3_603f10f5-e8e2-4452-8858-6b45fa4fb10b.jpg?v=1749726975,9,,,,,,,,,,,,,,,,,,,,,,,,,,,,,,,,,,,
bready-bay-tray-1,Bready Bay Tray,Serving Trays,,FALSE,Title,Default Title,WT#107,0,shopify,7,deny,manual,499,,TRUE,TRUE,,,,,,https://cdn.shopify.com/s/files/1/0910/2642/4090/files/Layer_10.jpg?v=1749727113,1,,FALSE,,,4009,,,,,,,,,,,,,,brown,,,,,,rectangular,wood,,,,,,kg,,,draft
bready-bay-tray-1,,,,,,,,,,,,,,,,,,,,,,https://cdn.shopify.com/s/files/1/0910/2642/4090/files/IMG_0682.jpg?v=1749727113,2,,,,,,,,,,,,,,,,,,,,,,,,,,,,,,,,,,,
orbit-edge-coaster,Orbit Edge Coaster,Serving Trays,,TRUE,Quantity,Pack Of 6,WTC#101,0,shopify,7,deny,manual,999,,TRUE,TRUE,,,,,,https://cdn.shopify.com/s/files/1/0910/2642/4090/files/Coster.png?v=1741597840,1,,FALSE,,,,,,,,,,,,,,,,,,,,,,,,,,,,,,kg,,,active
orbit-edge-coaster,,,,,,,,,,,,,,,,,,,,,,https://cdn.shopify.com/s/files/1/0910/2642/4090/files/IMG_0649.jpg?v=1741597840,2,,,,,,,,,,,,,,,,,,,,,,,,,,,,,,,,,,,
orbit-edge-coaster,,,,,,,,,,,,,,,,,,,,,,https://cdn.shopify.com/s/files/1/0910/2642/4090/files/12_6388a06c-481a-48ce-b9e7-4afd3689b8c6.jpg?v=1749884259,3,,,,,,,,,,,,,,,,,,,,,,,,,,,,,,,,,,,
wooden-halo-coaster,Wooden Halo Coaster,Serving Trays,,TRUE,Serving Size,Pack Of 6,WTC#102,0,shopify,0,deny,manual,999,,TRUE,TRUE,,,,,,https://cdn.shopify.com/s/files/1/0910/2642/4090/files/18_87ea5355-d7e9-42c4-90b2-8e4e60ca5b37.jpg?v=1741597892,1,,FALSE,,,,,,,,,,,,,,,,,,,,,,,,,,,,,,kg,,,active
wooden-halo-coaster,,,,,,,,,,,,,,,,,,,,,,https://cdn.shopify.com/s/files/1/0910/2642/4090/files/17_5bf0edf9-8d55-4aa2-997b-bdec333490da.jpg?v=1741597892,2,,,,,,,,,,,,,,,,,,,,,,,,,,,,,,,,,,,
wooden-halo-coaster,,,,,,,,,,,,,,,,,,,,,,https://cdn.shopify.com/s/files/1/0910/2642/4090/files/1_66887ab7-ac9f-496f-a449-926ba264cc69.jpg?v=1749727055,3,,,,,,,,,,,,,,,,,,,,,,,,,,,,,,,,,,,
bready-bay-tray,Bready Bay Tray,Serving Trays,,TRUE,Variants,Option 1,WT#106,0,shopify,20,deny,manual,650,,TRUE,TRUE,,,,,,https://cdn.shopify.com/s/files/1/0910/2642/4090/files/2_360dd07d-ada5-444a-afd2-ebdb1402fad6.jpg?v=1741597701,1,,FALSE,,,4009,,,,,,,,,,,,,,,,,,,,,,,,,,https://cdn.shopify.com/s/files/1/0910/2642/4090/files/2_360dd07d-ada5-444a-afd2-ebdb1402fad6.jpg?v=1741597701,kg,,,active
bready-bay-tray,,,,,,Option 2,WT#107,0,shopify,7,deny,manual,650,,TRUE,TRUE,,,,,,https://cdn.shopify.com/s/files/1/0910/2642/4090/files/1_d9ee4f73-699e-4b90-b3a0-f28f73578a18.jpg?v=1741597701,2,,,,,,,,,,,,,,,,,,,,,,,,,,,,,,,https://cdn.shopify.com/s/files/1/0910/2642/4090/files/Layer_10.jpg?v=1749727113,kg,,,
bready-bay-tray,,,,,,,,,,,,,,,,,,,,,,https://cdn.shopify.com/s/files/1/0910/2642/4090/files/2_ebf9bb8c-60bd-499c-8af0-c4bcd3dc60de.jpg?v=1749727113,3,,,,,,,,,,,,,,,,,,,,,,,,,,,,,,,,,,,
bready-bay-tray,,,,,,,,,,,,,,,,,,,,,,https://cdn.shopify.com/s/files/1/0910/2642/4090/files/Layer_10.jpg?v=1749727113,4,,,,,,,,,,,,,,,,,,,,,,,,,,,,,,,,,,,
bready-bay-tray,,,,,,,,,,,,,,,,,,,,,,https://cdn.shopify.com/s/files/1/0910/2642/4090/files/IMG_0682.jpg?v=1749727113,5,,,,,,,,,,,,,,,,,,,,,,,,,,,,,,,,,,,
bready-bay-tray,,,,,,,,,,,,,,,,,,,,,,https://cdn.shopify.com/s/files/1/0910/2642/4090/files/4_1f18a501-01d5-477f-82dc-9a1c462f5a52.jpg?v=1749727101,6,,,,,,,,,,,,,,,,,,,,,,,,,,,,,,,,,,,
beige-matt-melamine-1,Beige Matt Melamine Rice Plate,Serving Platters,,TRUE,Serving Size,Pack Of 4,RM4#5031,0,shopify,10,deny,manual,2099,,TRUE,TRUE,,,,,,https://cdn.shopify.com/s/files/1/0910/2642/4090/files/aa.png?v=1744021791,1,,FALSE,,,3553,,,,,,,,,,,,,,beige,,,,,,round,melamine,beige-matt-melamine,,,,,kg,,,active
beige-matt-melamine-1,,,,,,Pack Of 6,RM6#5031,0,shopify,8,deny,manual,2599,,TRUE,TRUE,,,,,,https://cdn.shopify.com/s/files/1/0910/2642/4090/files/R2.png?v=1744021791,2,Beige Matt Melamine Rice Plate - Patex Studios,,,,,,,,,,,,,,,,,,,,,,,,,,,,,,,kg,,,
beige-matt-melamine-1,,,,,,Pack Of 8,RM8#5031,0,shopify,8,deny,manual,3360,,TRUE,TRUE,,,,,,https://cdn.shopify.com/s/files/1/0910/2642/4090/files/r3.png?v=1744021791,3,Beige Matt Melamine Rice Plate - Patex Studios,,,,,,,,,,,,,,,,,,,,,,,,,,,,,,,kg,,,
beige-matt-melamine,Beige Matt Melamine Deep Plate,Serving Platters,,TRUE,Serving Size,Pack Of 4,DM4#5031,0,shopify,7,deny,manual,1580,,TRUE,TRUE,,,,,,https://cdn.shopify.com/s/files/1/0910/2642/4090/files/DSC08392-_1_b46dd43e-17eb-426d-9424-b0d9edb5508f.png?v=1744017053,1,,FALSE,,,3553,,,,,,,,,,,,,,beige,,,,,,round,melamine,beige-matt-melamine-1,,,,,kg,,,active
beige-matt-melamine,,,,,,Pack Of 6,DM6#5031,0,shopify,7,deny,manual,1890,,TRUE,TRUE,,,,,,https://cdn.shopify.com/s/files/1/0910/2642/4090/files/D2.png?v=1744017053,2,Beige Matt Melamine - Patex Studios,,,,,,,,,,,,,,,,,,,,,,,,,,,,,,,kg,,,
beige-matt-melamine,,,,,,Pack Of 8,DM8#5031,0,shopify,11,deny,manual,2210,,TRUE,TRUE,,,,,,https://cdn.shopify.com/s/files/1/0910/2642/4090/files/D3.png?v=1744017053,3,Beige Matt Melamine - Patex Studios,,,,,,,,,,,,,,,,,,,,,,,,,,,,,,,kg,,,
verto-wave-1,Verto Wave Rice Plate,Serving Platters,,TRUE,Serving Size,Pack Of 4,R4#5035,0,shopify,27,deny,manual,2099,,TRUE,TRUE,,,,,,https://cdn.shopify.com/s/files/1/0910/2642/4090/files/DSC08387.png?v=1740471533,1,,FALSE,,,3553,,,,,,,,,,,,,,red; white,,,,,,round,melamine,verto-wave,,,,,kg,,,active
verto-wave-1,,,,,,Pack Of 6,R6#5035,0,shopify,27,deny,manual,2730,,TRUE,TRUE,,,,,,https://cdn.shopify.com/s/files/1/0910/2642/4090/files/6.png?v=1740568838,2,,,,,,,,,,,,,,,,,,,,,,,,,,,,,,,,kg,,,
verto-wave-1,,,,,,Pack Of 8,R8#5035,0,shopify,26,deny,manual,3360,,TRUE,TRUE,,,,,,https://cdn.shopify.com/s/files/1/0910/2642/4090/files/DSC08481.png?v=1740568838,3,,,,,,,,,,,,,,,,,,,,,,,,,,,,,,,,kg,,,
verto-wave-1,,,,,,,,,,,,,,,,,,,,,,https://cdn.shopify.com/s/files/1/0910/2642/4090/files/DSC08426-back_4ce76f27-ee64-449f-802b-7a86d717cf99.png?v=1740568838,4,,,,,,,,,,,,,,,,,,,,,,,,,,,,,,,,,,,
verto-wave,Verto Wave Deep Plate,Serving Platters,,TRUE,Serving Size,Pack Of 4,D4#5035,0,shopify,28,deny,manual,1580,,TRUE,TRUE,,,,,,https://cdn.shopify.com/s/files/1/0910/2642/4090/files/DSC08440.png?v=1740471384,1,Verto Wave - Patex Studios,FALSE,,,3553,,,,,,,,,,,,,,white,,,,,,round,melamine,verto-wave-1,,,,,kg,,,active
verto-wave,,,,,,Pack Of 6,D6#5035,0,shopify,27,deny,manual,1890,,TRUE,TRUE,,,,,,https://cdn.shopify.com/s/files/1/0910/2642/4090/files/DSC0842622222.png?v=1740567966,2,,,,,,,,,,,,,,,,,,,,,,,,,,,,,,,,kg,,,
verto-wave,,,,,,Pack Of 8,D8#5035,0,shopify,27,deny,manual,2210,,TRUE,TRUE,,,,,,https://cdn.shopify.com/s/files/1/0910/2642/4090/files/DSC08442.png?v=1740567966,3,Verto Wave - Patex Studios,,,,,,,,,,,,,,,,,,,,,,,,,,,,,,,kg,,,
verto-wave,,,,,,,,,,,,,,,,,,,,,,https://cdn.shopify.com/s/files/1/0910/2642/4090/files/DSC08426-back_ebbd2d1f-7294-41cb-b87a-c477efd4e27e.png?v=1740567966,4,,,,,,,,,,,,,,,,,,,,,,,,,,,,,,,,,,,
medina-chic-1,Medina Chic Rice Plate,Serving Platters,,TRUE,Serving Size,Pack Of 4,R4#5036,0,shopify,30,deny,manual,2099,,TRUE,TRUE,,,,,,https://cdn.shopify.com/s/files/1/0910/2642/4090/files/DSC08386.png?v=1740471199,1,Medina Chic - Patex Studios,FALSE,,,3553,,,,,,,,,,,,,,white,,,,,,round,melamine,medina-chic,,,,,kg,,,active
medina-chic-1,,,,,,Pack Of 6,R6#5036,0,shopify,29,deny,manual,2730,,TRUE,TRUE,,,,,,https://cdn.shopify.com/s/files/1/0910/2642/4090/files/3_597c7119-892e-4773-9f4e-2fe2e5f2c84f.png?v=1740568843,2,,,,,,,,,,,,,,,,,,,,,,,,,,,,,,,,kg,,,
medina-chic-1,,,,,,Pack Of 8,R8#5036,0,shopify,28,deny,manual,3360,,TRUE,TRUE,,,,,,https://cdn.shopify.com/s/files/1/0910/2642/4090/files/DSC08482.png?v=1740568843,3,Medina Chic - Patex Studios,,,,,,,,,,,,,,,,,,,,,,,,,,,,,,,kg,,,
medina-chic-1,,,,,,,,,,,,,,,,,,,,,,https://cdn.shopify.com/s/files/1/0910/2642/4090/files/DSC08426-back_f08adb75-fc2a-44e0-9697-3b2db82fc52f.png?v=1740568843,4,,,,,,,,,,,,,,,,,,,,,,,,,,,,,,,,,,,
medina-chic,Medina Chic Deep Plate,Serving Platters,,TRUE,Serving Size,Pack Of 4,D4#5036,0,shopify,30,deny,manual,1580,,TRUE,TRUE,,,,,,https://cdn.shopify.com/s/files/1/0910/2642/4090/files/DSC08435.png?v=1740471023,1,Medina Chic - Patex Studios,FALSE,,,3553,,,,,,,,,,,,,,white,,,,,,round,melamine,medina-chic-1,,,,,kg,,,active
medina-chic,,,,,,Pack Of 6,D6#5036,0,shopify,30,deny,manual,1890,,TRUE,TRUE,,,,,,https://cdn.shopify.com/s/files/1/0910/2642/4090/files/DSC08426333_78e20913-5853-4a31-9161-975df187d6c3.png?v=1740567963,2,,,,,,,,,,,,,,,,,,,,,,,,,,,,,,,,kg,,,
medina-chic,,,,,,Pack Of 8,D8#5036,0,shopify,26,deny,manual,2210,,TRUE,TRUE,,,,,,https://cdn.shopify.com/s/files/1/0910/2642/4090/files/DSC08446.png?v=1740567963,3,Medina Chic - Patex Studios,,,,,,,,,,,,,,,,,,,,,,,,,,,,,,,kg,,,
medina-chic,,,,,,,,,,,,,,,,,,,,,,https://cdn.shopify.com/s/files/1/0910/2642/4090/files/DSC08426-back_b6c29676-2b10-43ea-90db-5628e421b4ea.png?v=1740567963,4,,,,,,,,,,,,,,,,,,,,,,,,,,,,,,,,,,,
kaleido-strike-1,Kaleido Strike Rice Plate,Serving Platters,,TRUE,Serving Size,Pack Of 4,R4#5033,0,shopify,16,deny,manual,2099,,TRUE,TRUE,,,,,,https://cdn.shopify.com/s/files/1/0910/2642/4090/files/DSC08392.png?v=1740470786,1,Kaleido Strike - Patex Studios,FALSE,,,3553,,,,,,,,,,,,,,multicolor; white,,,,,,round,melamine,kaleido-strike,,,,,kg,,,active
kaleido-strike-1,,,,,,Pack Of 6,R6#5033,0,shopify,16,deny,manual,2730,,TRUE,TRUE,,,,,,https://cdn.shopify.com/s/files/1/0910/2642/4090/files/4_8a27382e-1267-4bb4-b31b-80565c193f13.png?v=1740568793,2,,,,,,,,,,,,,,,,,,,,,,,,,,,,,,,,kg,,,
kaleido-strike-1,,,,,,Pack Of 8,R8#5033,0,shopify,15,deny,manual,3360,,TRUE,TRUE,,,,,,https://cdn.shopify.com/s/files/1/0910/2642/4090/files/DSC08479.png?v=1740568793,3,Kaleido Strike - Patex Studios,,,,,,,,,,,,,,,,,,,,,,,,,,,,,,,kg,,,
kaleido-strike-1,,,,,,,,,,,,,,,,,,,,,,https://cdn.shopify.com/s/files/1/0910/2642/4090/files/DSC08426-back_eb15f9d2-0427-4f32-b9ca-999693ec028d.png?v=1740568793,4,,,,,,,,,,,,,,,,,,,,,,,,,,,,,,,,,,,
kaleido-strike,Kaleido Strike Deep Plate,Serving Platters,,TRUE,Serving Size,Pack Of 4,D4#5033,0,shopify,27,deny,manual,1580,,TRUE,TRUE,,,,,,https://cdn.shopify.com/s/files/1/0910/2642/4090/files/DSC08437.png?v=1740470614,1,Kaleido Strike - Patex Studios,FALSE,,,3553,,,,,,,,,,,,,,multicolor,,,,,,round,melamine,kaleido-strike-1,,,,,kg,,,active
kaleido-strike,,,,,,Pack Of 6,D6#5033,0,shopify,24,deny,manual,1890,,TRUE,TRUE,,,,,,https://cdn.shopify.com/s/files/1/0910/2642/4090/files/DSC08426444.png?v=1740567960,2,,,,,,,,,,,,,,,,,,,,,,,,,,,,,,,,kg,,,
kaleido-strike,,,,,,Pack Of 8,D8#5033,0,shopify,22,deny,manual,2210,,TRUE,TRUE,,,,,,https://cdn.shopify.com/s/files/1/0910/2642/4090/files/DSC08444.png?v=1740567960,3,Kaleido Strike - Patex Studios,,,,,,,,,,,,,,,,,,,,,,,,,,,,,,,kg,,,
kaleido-strike,,,,,,,,,,,,,,,,,,,,,,https://cdn.shopify.com/s/files/1/0910/2642/4090/files/DSC08426-back_8eea8662-a92b-4177-a475-e6b4b464041a.png?v=1740567960,4,,,,,,,,,,,,,,,,,,,,,,,,,,,,,,,,,,,
fusion-craft-1,Fusion Craft Rice Plate,Serving Platters,,TRUE,Serving Size,Pack Of 4,R4#5034,0,shopify,29,deny,manual,2099,,TRUE,TRUE,,,,,,https://cdn.shopify.com/s/files/1/0910/2642/4090/files/DSC08402.png?v=1740469668,1,Fusion Craft - Patex Studios,FALSE,,,3553,,,,,,,,,,,,,,geometric,,,,,,round,melamine,fusion-craft,,,,,kg,,,active
fusion-craft-1,,,,,,Pack Of 6,R6#5034,0,shopify,26,deny,manual,2730,,TRUE,TRUE,,,,,,https://cdn.shopify.com/s/files/1/0910/2642/4090/files/5.png?v=1740568751,2,,,,,,,,,,,,,,,,,,,,,,,,,,,,,,,,kg,,,
fusion-craft-1,,,,,,Pack Of 8,R8#5034,0,shopify,29,deny,manual,3360,,TRUE,TRUE,,,,,,https://cdn.shopify.com/s/files/1/0910/2642/4090/files/DSC08473.png?v=1740568751,3,Fusion Craft - Patex Studios,,,,,,,,,,,,,,,,,,,,,,,,,,,,,,,kg,,,
fusion-craft-1,,,,,,,,,,,,,,,,,,,,,,https://cdn.shopify.com/s/files/1/0910/2642/4090/files/DSC08426-back_dc7df945-8caf-4b1c-9768-6b44ba50d4e3.png?v=1740568751,4,,,,,,,,,,,,,,,,,,,,,,,,,,,,,,,,,,,
fusion-craft,Fusion Craft Deep Plate,Serving Platters,,TRUE,Serving Size,Pack Of 4,D4#5034,0,shopify,29,deny,manual,1580,,TRUE,TRUE,,,,,,https://cdn.shopify.com/s/files/1/0910/2642/4090/files/DSC08429.png?v=1740469461,1,Fusion Craft - Patex Studios,FALSE,,,3553,,,,,,,,,,,,,,white,,,,,,round,melamine,fusion-craft-1,,,,,kg,,,active
fusion-craft,,,,,,Pack Of 6,D6#5034,0,shopify,29,deny,manual,1890,,TRUE,TRUE,,,,,,https://cdn.shopify.com/s/files/1/0910/2642/4090/files/DSC0842623333.png?v=1740567957,2,,,,,,,,,,,,,,,,,,,,,,,,,,,,,,,,kg,,,
fusion-craft,,,,,,Pack Of 8,D8#5034,0,shopify,28,deny,manual,2210,,TRUE,TRUE,,,,,,https://cdn.shopify.com/s/files/1/0910/2642/4090/files/DSC08452.png?v=1740567957,3,Fusion Craft - Patex Studios,,,,,,,,,,,,,,,,,,,,,,,,,,,,,,,kg,,,
fusion-craft,,,,,,,,,,,,,,,,,,,,,,https://cdn.shopify.com/s/files/1/0910/2642/4090/files/DSC08426-back_02558f3e-c712-4be4-8cbb-a7edb1511543.png?v=1740567957,4,,,,,,,,,,,,,,,,,,,,,,,,,,,,,,,,,,,
grove-luxe-1,Grove Luxe Rice Plate,Serving Platters,,TRUE,Serving Size,Pack Of 4,R4#5038,0,shopify,23,deny,manual,2099,,TRUE,TRUE,,,,,,https://cdn.shopify.com/s/files/1/0910/2642/4090/files/DSC08390.png?v=1740468205,1,Grove Luxe - Patex Studios,FALSE,,,3553,,,,,,,,,,,,,,white,,,,,,round,melamine,grove-luxe,,,,,kg,,,active
grove-luxe-1,,,,,,Pack Of 6,R6#5038,0,shopify,17,deny,manual,2730,,TRUE,TRUE,,,,,,https://cdn.shopify.com/s/files/1/0910/2642/4090/files/2_2058e2f8-f03f-44ad-911d-f659a65cbc95.png?v=1740568697,2,,,,,,,,,,,,,,,,,,,,,,,,,,,,,,,,kg,,,
grove-luxe-1,,,,,,Pack Of 8,R8#5038,0,shopify,20,deny,manual,3360,,TRUE,TRUE,,,,,,https://cdn.shopify.com/s/files/1/0910/2642/4090/files/DSC08480.png?v=1740568697,3,Grove Luxe - Patex Studios,,,,,,,,,,,,,,,,,,,,,,,,,,,,,,,kg,,,
grove-luxe-1,,,,,,,,,,,,,,,,,,,,,,https://cdn.shopify.com/s/files/1/0910/2642/4090/files/DSC08426-back_44713f0f-d464-435d-9b79-353790290904.png?v=1740568697,4,,,,,,,,,,,,,,,,,,,,,,,,,,,,,,,,,,,
grove-luxe,Grove Luxe Deep Plate,Serving Platters,,TRUE,Serving Size,Pack Of 4,D4#5038,0,shopify,26,deny,manual,1580,,TRUE,TRUE,,,,,,https://cdn.shopify.com/s/files/1/0910/2642/4090/files/DSC08431.png?v=1740468083,1,Grove Luxe - Patex Studios,FALSE,,,3553,,,,,,,,,,,,,,white,,,,,,round,melamine,grove-luxe-1,,,,,kg,,,active
grove-luxe,,,,,,Pack Of 6,D6#5038,0,shopify,20,deny,manual,1890,,TRUE,TRUE,,,,,,https://cdn.shopify.com/s/files/1/0910/2642/4090/files/DSC084262233.png?v=1740567953,2,,,,,,,,,,,,,,,,,,,,,,,,,,,,,,,,kg,,,
grove-luxe,,,,,,Pack Of 8,D8#5038,0,shopify,26,deny,manual,2210,,TRUE,TRUE,,,,,,https://cdn.shopify.com/s/files/1/0910/2642/4090/files/DSC08450.png?v=1740567953,3,Grove Luxe - Patex Studios,,,,,,,,,,,,,,,,,,,,,,,,,,,,,,,kg,,,
grove-luxe,,,,,,,,,,,,,,,,,,,,,,https://cdn.shopify.com/s/files/1/0910/2642/4090/files/DSC08426-back_8685bb4a-09cb-4164-84ff-29badf24e69f.png?v=1740567953,4,,,,,,,,,,,,,,,,,,,,,,,,,,,,,,,,,,,
finestra-1,Finestra Rice Plate,Serving Platters,,TRUE,Serving Size,Pack Of 4,R4#5037,0,shopify,30,deny,manual,2099,,TRUE,TRUE,,,,,,https://cdn.shopify.com/s/files/1/0910/2642/4090/files/DSC08384.png?v=1740467192,1,Finestra - Patex Studios,FALSE,,,3553,,,,,,,,,,,,,,white; geometric,,,,,,round,melamine,finestra,,,,,kg,,,active
finestra-1,,,,,,Pack Of 6,R6#5037,0,shopify,29,deny,manual,2730,,TRUE,TRUE,,,,,,https://cdn.shopify.com/s/files/1/0910/2642/4090/files/1_977acadd-c8e3-42a0-b77f-dfb5dfacef05.png?v=1740568657,2,,,,,,,,,,,,,,,,,,,,,,,,,,,,,,,,kg,,,
finestra-1,,,,,,Pack Of 8,R8#5037,0,shopify,30,deny,manual,3360,,TRUE,TRUE,,,,,,https://cdn.shopify.com/s/files/1/0910/2642/4090/files/DSC08483.png?v=1740568657,3,Finestra - Patex Studios,,,,,,,,,,,,,,,,,,,,,,,,,,,,,,,kg,,,
finestra-1,,,,,,,,,,,,,,,,,,,,,,https://cdn.shopify.com/s/files/1/0910/2642/4090/files/DSC08426-back_c34ea666-0dea-40fe-aa09-c9b3e2d41d7c.png?v=1740568657,4,,,,,,,,,,,,,,,,,,,,,,,,,,,,,,,,,,,
finestra,Finestra Deep Plate,Serving Platters,,TRUE,Serving Size,Pack Of 4,D4#5036,0,shopify,30,deny,manual,1580,,TRUE,TRUE,,,,,,https://cdn.shopify.com/s/files/1/0910/2642/4090/files/DSC08426.png?v=1740466483,1,Finestra - Patex Studios,FALSE,,,3553,,,,,,,,,,,,,,white,,,,,,round,melamine,finestra-1,,,,,kg,,,active
finestra,,,,,,Pack Of 6,D6#5036,0,shopify,27,deny,manual,1890,,TRUE,TRUE,,,,,,https://cdn.shopify.com/s/files/1/0910/2642/4090/files/DSC08426222.png?v=1740567948,2,,,,,,,,,,,,,,,,,,,,,,,,,,,,,,,,kg,,,
finestra,,,,,,Pack Of 8,D8#5036,0,shopify,30,deny,manual,2210,,TRUE,TRUE,,,,,,https://cdn.shopify.com/s/files/1/0910/2642/4090/files/DSC08454_52e4cd58-251c-4eeb-a33d-265cf9985c8a.png?v=1740567948,3,Finestra - Patex Studios,,,,,,,,,,,,,,,,,,,,,,,,,,,,,,,kg,,,
finestra,,,,,,,,,,,,,,,,,,,,,,https://cdn.shopify.com/s/files/1/0910/2642/4090/files/DSC08426-back.png?v=1740567948,4,,,,,,,,,,,,,,,,,,,,,,,,,,,,,,,,,,,
kigumi-sushi-tray,Kigumi Sushi Tray,Serving Trays,tray,TRUE,Title,Default Title,WT#105,0,shopify,8,deny,manual,2999,,TRUE,TRUE,,,,,,https://cdn.shopify.com/s/files/1/0910/2642/4090/files/1.png?v=1740038046,1,Kigumi Sushi Tray - Patex Studios,FALSE,,,4026,,,,,,,,,,,,,,beige,,,,,,,wood,,,,,,kg,,,active
kigumi-sushi-tray,,,,,,,,,,,,,,,,,,,,,,https://cdn.shopify.com/s/files/1/0910/2642/4090/files/1_901279df-228e-4d11-8b21-69710ad41b51.jpg?v=1740047281,2,Kigumi Sushi Tray - Patex Studios,,,,,,,,,,,,,,,,,,,,,,,,,,,,,,,,,,
kigumi-sushi-tray,,,,,,,,,,,,,,,,,,,,,,https://cdn.shopify.com/s/files/1/0910/2642/4090/files/3.png?v=1740047281,3,Kigumi Sushi Tray - Patex Studios,,,,,,,,,,,,,,,,,,,,,,,,,,,,,,,,,,
kigumi-sushi-tray,,,,,,,,,,,,,,,,,,,,,,https://cdn.shopify.com/s/files/1/0910/2642/4090/files/2.png?v=1740047281,4,Kigumi Sushi Tray - Patex Studios,,,,,,,,,,,,,,,,,,,,,,,,,,,,,,,,,,
kigumi-sushi-tray,,,,,,,,,,,,,,,,,,,,,,https://cdn.shopify.com/s/files/1/0910/2642/4090/files/4_1d1b6e9f-6d48-4949-b5a5-0c0ab5423167.png?v=1740047281,5,Kigumi Sushi Tray - Patex Studios,,,,,,,,,,,,,,,,,,,,,,,,,,,,,,,,,,
kigumi-sushi-tray,,,,,,,,,,,,,,,,,,,,,,https://cdn.shopify.com/s/files/1/0910/2642/4090/files/10_01426e41-f2cf-4d27-9225-50209989541e.jpg?v=1749727148,6,,,,,,,,,,,,,,,,,,,,,,,,,,,,,,,,,,,
stoolix,Stoolix,Bar Stools,,TRUE,Title,Default Title,DST#1001,0,shopify,7,deny,manual,9999,14999,TRUE,TRUE,,,,,,https://cdn.shopify.com/s/files/1/0910/2642/4090/files/Edit-Stool.jpg?v=1739268826,1,Stoolix - Patex Studios,FALSE,,,1463,,,,,,,,,,,,,backless,brown,,,plywood,,flat,,,,,,,,kg,,,active
stoolix,,,,,,,,,,,,,,,,,,,,,,https://cdn.shopify.com/s/files/1/0910/2642/4090/files/Edit-Stool-3_63af2cfd-3038-4dbb-b89c-0fda71467c1f.jpg?v=1739269170,2,Stoolix - Patex Studios,,,,,,,,,,,,,,,,,,,,,,,,,,,,,,,,,,
stoolix,,,,,,,,,,,,,,,,,,,,,,https://cdn.shopify.com/s/files/1/0910/2642/4090/files/Edit-Stool-2.jpg?v=1754114790,3,Stoolix - Patex Studios,,,,,,,,,,,,,,,,,,,,,,,,,,,,,,,,,,
maroon-matt-melamine-rice-plate,Maroon Matt Melamine Rice Plate,Serving Platters,,FALSE,Serving Size,Pack Of 4,RM4#5024,0,shopify,10,deny,manual,1999,,TRUE,TRUE,,,,,,https://cdn.shopify.com/s/files/1/0910/2642/4090/files/Group_3_0075158a-3af1-4bd2-8416-c752f1c313e5.png?v=1739951429,1,Maroon Matt Melamine Rice Plate - Patex Studios,FALSE,,,3553,,,,,,,,,,,,,,brown,,,,,,round,melamine,,,,,,kg,,,archived
maroon-matt-melamine-rice-plate,,,,,,Pack Of 6,RM6#5024,0,shopify,10,deny,manual,2599,,TRUE,TRUE,,,,,,https://cdn.shopify.com/s/files/1/0910/2642/4090/files/Group_6_c74653dd-269c-4456-87b8-665c67faa81c.png?v=1739951532,2,Maroon Matt Melamine Rice Plate - Patex Studios,,,,,,,,,,,,,,,,,,,,,,,,,,,,,,,kg,,,
maroon-matt-melamine-rice-plate,,,,,,Pack Of 8,RM8#5024,0,shopify,10,deny,manual,3199,,TRUE,TRUE,,,,,,https://cdn.shopify.com/s/files/1/0910/2642/4090/files/Group_8_169ed798-d294-40be-beca-3d64b78b19b5.png?v=1739951532,3,Maroon Matt Melamine Rice Plate - Patex Studios,,,,,,,,,,,,,,,,,,,,,,,,,,,,,,,kg,,,
maroon-matt-melamine-rice-plate,,,,,,,,,,,,,,,,,,,,,,https://cdn.shopify.com/s/files/1/0910/2642/4090/files/Group_9.png?v=1739951532,4,Maroon Matt Melamine Rice Plate - Patex Studios,,,,,,,,,,,,,,,,,,,,,,,,,,,,,,,,,,
black-matt-melamine-rice-plate,Black Matt Melamine Rice Plate,Serving Platters,,FALSE,Serving Size,Pack Of 4,RM4#5023,0,shopify,15,deny,manual,1999,,TRUE,TRUE,,,,,,https://cdn.shopify.com/s/files/1/0910/2642/4090/files/Group_3_6955408e-c0c8-4499-9eef-75dadd60179a.png?v=1739951593,1,Black Matt Melamine Rice Plate - Patex Studios,FALSE,,,3553,,,,,,,,,,,,,,black,,,,,,round,melamine,,,,,,kg,,,archived
black-matt-melamine-rice-plate,,,,,,Pack Of 6,RM6#5023,0,shopify,22,deny,manual,2599,,TRUE,TRUE,,,,,,https://cdn.shopify.com/s/files/1/0910/2642/4090/files/Group_6_f92c25a4-9916-41c6-a8de-cff78d21dc22.png?v=1739951624,2,Black Matt Melamine Rice Plate - Patex Studios,,,,,,,,,,,,,,,,,,,,,,,,,,,,,,,kg,,,
black-matt-melamine-rice-plate,,,,,,Pack Of 8,RM8#5023,0,shopify,34,deny,manual,3199,,TRUE,TRUE,,,,,,https://cdn.shopify.com/s/files/1/0910/2642/4090/files/Group_9_copy.png?v=1739951624,3,Black Matt Melamine Rice Plate - Patex Studios,,,,,,,,,,,,,,,,,,,,,,,,,,,,,,,kg,,,
black-matt-melamine-rice-plate,,,,,,,,,,,,,,,,,,,,,,https://cdn.shopify.com/s/files/1/0910/2642/4090/files/Group_8_copy.png?v=1739951624,4,Black Matt Melamine Rice Plate - Patex Studios,,,,,,,,,,,,,,,,,,,,,,,,,,,,,,,,,,
maroon-matt-melamine,Maroon Matt Melamine Deep Plate,Serving Platters,,FALSE,Serving Size,Pack Of 4,DM4#5024,0,shopify,10,deny,manual,1580,,TRUE,TRUE,,,,,,https://cdn.shopify.com/s/files/1/0910/2642/4090/files/Layer_8.png?v=1739956646,1,Maroon Matt Melamine - Patex Studios,FALSE,,,3553,,,,,,,,,,,,,,brown,,,,,,round,melamine,,,,,,kg,,,archived
maroon-matt-melamine,,,,,,Pack Of 6,DM6#5024,0,shopify,10,deny,manual,1890,,TRUE,TRUE,,,,,,https://cdn.shopify.com/s/files/1/0910/2642/4090/files/Group_6_56de4adc-07ea-431a-b06b-cf693f2fd9d2.png?v=1739956670,2,Maroon Matt Melamine - Patex Studios,,,,,,,,,,,,,,,,,,,,,,,,,,,,,,,kg,,,
maroon-matt-melamine,,,,,,Pack Of 8,DM8#5024,0,shopify,10,deny,manual,2210,,TRUE,TRUE,,,,,,https://cdn.shopify.com/s/files/1/0910/2642/4090/files/Group_7_f6e5e031-d190-4d6a-8a5f-04513946f3dc.png?v=1739956670,3,Maroon Matt Melamine - Patex Studios,,,,,,,,,,,,,,,,,,,,,,,,,,,,,,,kg,,,
maroon-matt-melamine,,,,,,,,,,,,,,,,,,,,,,https://cdn.shopify.com/s/files/1/0910/2642/4090/files/Group_8_39ce05c4-3d95-4a67-bf44-a3b7a3df9d5a.png?v=1739956670,4,Maroon Matt Melamine - Patex Studios,,,,,,,,,,,,,,,,,,,,,,,,,,,,,,,,,,
black-matt-melamine,Black Matt Melamine Deep Plate,Serving Platters,,FALSE,Serving Size,Pack Of 4,DM4#5023,0,shopify,10,deny,manual,1580,,TRUE,TRUE,,,,,,https://cdn.shopify.com/s/files/1/0910/2642/4090/files/Layer_9.png?v=1739956586,1,Black Matt Melamine - Patex Studios,FALSE,,,3553,,,,,,,,,,,,,,black,,,,,,round,melamine,,,,,,kg,,,archived
black-matt-melamine,,,,,,Pack Of 6,DM6#5023,0,shopify,30,deny,manual,1890,,TRUE,TRUE,,,,,,https://cdn.shopify.com/s/files/1/0910/2642/4090/files/Group_6.png?v=1739956610,2,Black Matt Melamine - Patex Studios,,,,,,,,,,,,,,,,,,,,,,,,,,,,,,,kg,,,
black-matt-melamine,,,,,,Pack Of 8,DM8#5023,0,shopify,32,deny,manual,2210,,TRUE,TRUE,,,,,,https://cdn.shopify.com/s/files/1/0910/2642/4090/files/Group_7.png?v=1739956610,3,Black Matt Melamine - Patex Studios,,,,,,,,,,,,,,,,,,,,,,,,,,,,,,,kg,,,
black-matt-melamine,,,,,,,,,,,,,,,,,,,,,,https://cdn.shopify.com/s/files/1/0910/2642/4090/files/Group_8.png?v=1739956610,4,Black Matt Melamine - Patex Studios,,,,,,,,,,,,,,,,,,,,,,,,,,,,,,,,,,
the-wooden-wave,The Wooden Wave Tray,Serving Trays,tray,TRUE,Title,Default Title,WT#104,0,shopify,7,deny,manual,2999,,TRUE,TRUE,,,,,,https://cdn.shopify.com/s/files/1/0910/2642/4090/files/22.jpg?v=1736329505,1,The Wooden Wave Tray - Patex Studios,FALSE,,,6456,,,,,,,,,,,,,,brown,,,,,,,,,,,,,kg,,,active
the-wooden-wave,,,,,,,,,,,,,,,,,,,,,,https://cdn.shopify.com/s/files/1/0910/2642/4090/files/21.jpg?v=1736329505,2,The Wooden Wave Tray - Patex Studios,,,,,,,,,,,,,,,,,,,,,,,,,,,,,,,,,,
the-wooden-wave,,,,,,,,,,,,,,,,,,,,,,https://cdn.shopify.com/s/files/1/0910/2642/4090/files/6_88e681db-ed9f-4143-b2fc-2a319234dd0b.jpg?v=1749727200,3,,,,,,,,,,,,,,,,,,,,,,,,,,,,,,,,,,,
the-elm-atelier,The Elm Atelier Tray,Serving Trays,tray,TRUE,Title,Default Title,WT#103,0,shopify,24,deny,manual,2999,,TRUE,TRUE,,,,,,https://cdn.shopify.com/s/files/1/0910/2642/4090/files/20.jpg?v=1736329419,1,The Elm Atelier Tray - Patex Studios,FALSE,,,6456,,,,,,,,,,,,,,,,,,,,,,,,,,,kg,,,active
the-elm-atelier,,,,,,,,,,,,,,,,,,,,,,https://cdn.shopify.com/s/files/1/0910/2642/4090/files/19.jpg?v=1736329419,2,The Elm Atelier Tray - Patex Studios,,,,,,,,,,,,,,,,,,,,,,,,,,,,,,,,,,
the-elm-atelier,,,,,,,,,,,,,,,,,,,,,,https://cdn.shopify.com/s/files/1/0910/2642/4090/files/9_0a000f7c-92f3-4e7a-a75c-6b48ab0230cb.jpg?v=1749727489,3,,,,,,,,,,,,,,,,,,,,,,,,,,,,,,,,,,,
sylvan-charm,Sylvan Charm Tray,Serving Trays,tray,TRUE,Title,Default Title,WT#102,0,shopify,6,deny,manual,2999,,TRUE,TRUE,,,,,,https://cdn.shopify.com/s/files/1/0910/2642/4090/files/16_2119e36f-7ec5-4104-9376-15d5a8617ffb.jpg?v=1736329338,1,Sylvan Charm Tray - Patex Studios,FALSE,,,6456,,,,,,,,,,,,,,,,,,,,,,,,,,,kg,,,active
sylvan-charm,,,,,,,,,,,,,,,,,,,,,,https://cdn.shopify.com/s/files/1/0910/2642/4090/files/15_7c1dfff9-0588-4204-bcb4-d42f59784cb3.jpg?v=1736329339,2,Sylvan Charm Tray - Patex Studios,,,,,,,,,,,,,,,,,,,,,,,,,,,,,,,,,,
sylvan-charm,,,,,,,,,,,,,,,,,,,,,,https://cdn.shopify.com/s/files/1/0910/2642/4090/files/7_78f3d631-595d-4704-854c-25bd59d53b4c.jpg?v=1749727549,3,,,,,,,,,,,,,,,,,,,,,,,,,,,,,,,,,,,
arbor-essence,Arbor Essence Tray,Serving Trays,tray,TRUE,Title,Default Title,WT#101,0,shopify,7,deny,manual,2999,,TRUE,TRUE,,,,,,https://cdn.shopify.com/s/files/1/0910/2642/4090/files/14_8e51c819-5b9c-4f38-b8b0-f612e3eaf7cc.jpg?v=1736329168,1,Arbor Essence Tray - Patex Studios,FALSE,,,4009,,,,,,,,,,,,'3,,striped; brown,,,,,,rectangular,wood,,,,,,kg,,,active
arbor-essence,,,,,,,,,,,,,,,,,,,,,,https://cdn.shopify.com/s/files/1/0910/2642/4090/files/13_81db8cd6-8bf9-4a0d-9540-b26f78a3ec3b.jpg?v=1736329168,2,Arbor Essence Tray - Patex Studios,,,,,,,,,,,,,,,,,,,,,,,,,,,,,,,,,,
arbor-essence,,,,,,,,,,,,,,,,,,,,,,https://cdn.shopify.com/s/files/1/0910/2642/4090/files/8_b2445554-edec-42ef-a5a7-dd80e5041701.jpg?v=1749727014,3,,,,,,,,,,,,,,,,,,,,,,,,,,,,,,,,,,,
hulk-power-dining-set,Hulk Power Dining Set,Dinnerware Sets,"dinner, hulk",TRUE,Title,Default Title,KD#4059,0,shopify,8,deny,manual,1840,,TRUE,TRUE,,,,,,https://cdn.shopify.com/s/files/1/0910/2642/4090/files/ulk.png?v=1734429164,1,Hulk Power Dining Set - Patex Studios,FALSE,,,5537,,,,,,,,,,,,,,,,,,,,,,,,,,,kg,,,active
hulk-power-dining-set,,,,,,,,,,,,,,,,,,,,,,https://cdn.shopify.com/s/files/1/0910/2642/4090/files/hulk2.png?v=1734428986,2,Hulk Power Dining Set - Patex Studios,,,,,,,,,,,,,,,,,,,,,,,,,,,,,,,,,,
hulk-power-dining-set,,,,,,,,,,,,,,,,,,,,,,https://cdn.shopify.com/s/files/1/0910/2642/4090/files/hulk3.png?v=1734428986,3,Hulk Power Dining Set - Patex Studios,,,,,,,,,,,,,,,,,,,,,,,,,,,,,,,,,,
red-melamine-dinner-set,Red Melamine Dinner Set,Dinnerware Sets,dinner,TRUE,Serving Size,4 Person serving Dinner Set = 22 PCS,DS4#4032,0,shopify,15,deny,manual,5780,,TRUE,TRUE,,,,,,https://cdn.shopify.com/s/files/1/0910/2642/4090/files/Dinner-set.png?v=1737717973,1,Red Melamine Dinner Set - Patex Studios,FALSE,,,5537,,,,,,,,,,,,,,,,,,,,,,,,,,,kg,,,active
red-melamine-dinner-set,,,,,,6 Person serving Dinner Set = 30 PCS,DS6#4032,0,shopify,15,deny,manual,7880,,TRUE,TRUE,,,,,,https://cdn.shopify.com/s/files/1/0910/2642/4090/files/IMG_0497.jpg?v=1737717973,2,Red Melamine Dinner Set - Patex Studios,,,,,,,,,,,,,,,,,,,,,,,,,,,,,,,kg,,,
red-melamine-dinner-set,,,,,,8 Person serving Dinner Set = 43 PCS,DS8#4032,0,shopify,15,deny,manual,10499,,TRUE,TRUE,,,,,,https://cdn.shopify.com/s/files/1/0910/2642/4090/files/IMG_0495.jpg?v=1737717973,3,Red Melamine Dinner Set - Patex Studios,,,,,,,,,,,,,,,,,,,,,,,,,,,,,,,kg,,,
red-melamine-dinner-set,,,,,,,,,,,,,,,,,,,,,,https://cdn.shopify.com/s/files/1/0910/2642/4090/files/IMG_0492.jpg?v=1737717973,4,Red Melamine Dinner Set - Patex Studios,,,,,,,,,,,,,,,,,,,,,,,,,,,,,,,,,,
red-melamine-dinner-set,,,,,,,,,,,,,,,,,,,,,,https://cdn.shopify.com/s/files/1/0910/2642/4090/files/IMG_0499.jpg?v=1737717973,5,Red Melamine Dinner Set - Patex Studios,,,,,,,,,,,,,,,,,,,,,,,,,,,,,,,,,,
red-melamine-dinner-set,,,,,,,,,,,,,,,,,,,,,,https://cdn.shopify.com/s/files/1/0910/2642/4090/files/IMG_0506.jpg?v=1737717973,6,Red Melamine Dinner Set - Patex Studios,,,,,,,,,,,,,,,,,,,,,,,,,,,,,,,,,,
beige-melamine-open-bowls,Beige Melamine Open Bowls,Bowls,bowl,TRUE,Serving Size,Pack Of 3,OBM#5030,0,shopify,7,deny,manual,1260,,TRUE,TRUE,,,,,,https://cdn.shopify.com/s/files/1/0910/2642/4090/files/Beige1.png?v=1737702680,1,Beige Melamine Open Bowls - Patex Studios,FALSE,,,3498,,,,,,,,,,,,,,,,,,,,,,,,,,https://cdn.shopify.com/s/files/1/0910/2642/4090/files/BOWL4.png?v=1737702680,kg,,,active
beige-melamine-open-bowls,,,,,,,,,,,,,,,,,,,,,,https://cdn.shopify.com/s/files/1/0910/2642/4090/files/Beige2.png?v=1737702680,2,Beige Melamine Open Bowls - Patex Studios,,,,,,,,,,,,,,,,,,,,,,,,,,,,,,,,,,
beige-melamine-open-bowls,,,,,,,,,,,,,,,,,,,,,,https://cdn.shopify.com/s/files/1/0910/2642/4090/files/BOWL4.png?v=1737702680,3,Beige Melamine Open Bowls - Patex Studios,,,,,,,,,,,,,,,,,,,,,,,,,,,,,,,,,,
elsa-dining-set,Elsa Dining Set,Dinnerware Sets,"dinner, kids",TRUE,Title,Default Title,KD#4060,0,shopify,10,deny,manual,1840,,TRUE,TRUE,,,,,,https://cdn.shopify.com/s/files/1/0910/2642/4090/files/IMG_0488.jpg?v=1734431460,1,Elsa Dining Set - Patex Studios,FALSE,,,5537,,,,,,,,,,,,,,,,,,,,,,,,,,,kg,,,active
elsa-dining-set,,,,,,,,,,,,,,,,,,,,,,https://cdn.shopify.com/s/files/1/0910/2642/4090/files/IMG_0480.jpg?v=1734431460,2,Elsa Dining Set - Patex Studios,,,,,,,,,,,,,,,,,,,,,,,,,,,,,,,,,,
elsa-dining-set,,,,,,,,,,,,,,,,,,,,,,https://cdn.shopify.com/s/files/1/0910/2642/4090/files/IMG_0479.jpg?v=1733978696,3,Elsa Dining Set - Patex Studios,,,,,,,,,,,,,,,,,,,,,,,,,,,,,,,,,,
elsa-dining-set,,,,,,,,,,,,,,,,,,,,,,https://cdn.shopify.com/s/files/1/0910/2642/4090/files/IMG_0481.jpg?v=1733978679,4,Elsa Dining Set - Patex Studios,,,,,,,,,,,,,,,,,,,,,,,,,,,,,,,,,,
elsa-dining-set,,,,,,,,,,,,,,,,,,,,,,https://cdn.shopify.com/s/files/1/0910/2642/4090/files/IMG_0474.jpg?v=1733978663,5,Elsa Dining Set - Patex Studios,,,,,,,,,,,,,,,,,,,,,,,,,,,,,,,,,,
superman-adventure-dining-set,Superman Adventure Dining Set,Dinnerware Sets,,TRUE,Title,Default Title,KD#4056,0,shopify,9,deny,manual,1840,,TRUE,TRUE,,,,,KD#4056,https://cdn.shopify.com/s/files/1/0910/2642/4090/files/MAIN.webp?v=1730542917,1,Superman Adventure Dining Set - Patex Studios,FALSE,,,5537,,,,,,,,,,,,,,,,,,,,,,,,,,,kg,,,active
superman-adventure-dining-set,,,,,,,,,,,,,,,,,,,,,,https://cdn.shopify.com/s/files/1/0910/2642/4090/files/DSC03024-2.webp?v=1730542917,2,Superman Adventure Dining Set - Patex Studios,,,,,,,,,,,,,,,,,,,,,,,,,,,,,,,,,,
superman-adventure-dining-set,,,,,,,,,,,,,,,,,,,,,,https://cdn.shopify.com/s/files/1/0910/2642/4090/files/DSC03025-2.webp?v=1730542916,3,Superman Adventure Dining Set - Patex Studios,,,,,,,,,,,,,,,,,,,,,,,,,,,,,,,,,,
dragon-ball-z-adventure-dining-set,Dragon Ball Z Adventure Dining Set,Dinnerware Sets,,TRUE,Title,Default Title,KD#4053,0,shopify,29,deny,manual,1840,,TRUE,TRUE,,,,,KD#4053,https://cdn.shopify.com/s/files/1/0910/2642/4090/files/MAIN.jpg?v=1730542902,1,Dragon Ball Z Adventure Dining Set - Patex Studios,FALSE,,,5537,,,,,,,,,,,,,,,,,,,,,,,,,,,kg,,,active
dragon-ball-z-adventure-dining-set,,,,,,,,,,,,,,,,,,,,,,https://cdn.shopify.com/s/files/1/0910/2642/4090/files/DSC02199-2-scaled.jpg?v=1730542904,2,Dragon Ball Z Adventure Dining Set - Patex Studios,,,,,,,,,,,,,,,,,,,,,,,,,,,,,,,,,,
dragon-ball-z-adventure-dining-set,,,,,,,,,,,,,,,,,,,,,,https://cdn.shopify.com/s/files/1/0910/2642/4090/files/DSC02972-2.jpg?v=1730542902,3,Dragon Ball Z Adventure Dining Set - Patex Studios,,,,,,,,,,,,,,,,,,,,,,,,,,,,,,,,,,
dragon-ball-z-adventure-dining-set,,,,,,,,,,,,,,,,,,,,,,https://cdn.shopify.com/s/files/1/0910/2642/4090/files/DSC02990-2.jpg?v=1730542902,4,Dragon Ball Z Adventure Dining Set - Patex Studios,,,,,,,,,,,,,,,,,,,,,,,,,,,,,,,,,,
batman-hero-dining-set,Batman Hero Dining Set,Dinnerware Sets,,TRUE,Title,Default Title,KD#4054,0,shopify,6,deny,manual,1840,,TRUE,TRUE,,,,,KD#4054,https://cdn.shopify.com/s/files/1/0910/2642/4090/files/Kids-1-1.jpg?v=1730542886,1,Batman Hero Dining Set - Patex Studios,FALSE,,,5537,,,,,,,,,,,,,,,,,,,,,,,,,,,kg,,,active
batman-hero-dining-set,,,,,,,,,,,,,,,,,,,,,,https://cdn.shopify.com/s/files/1/0910/2642/4090/files/DSC02869-2.jpg?v=1730542886,2,Batman Hero Dining Set - Patex Studios,,,,,,,,,,,,,,,,,,,,,,,,,,,,,,,,,,
batman-hero-dining-set,,,,,,,,,,,,,,,,,,,,,,https://cdn.shopify.com/s/files/1/0910/2642/4090/files/DSC02880-2.jpg?v=1730542886,3,Batman Hero Dining Set - Patex Studios,,,,,,,,,,,,,,,,,,,,,,,,,,,,,,,,,,
ocean-bloom-hex-tray,Ocean Bloom,Serving Trays,,TRUE,Title,Default Title,HT#214,0,shopify,9,deny,manual,2630,,TRUE,TRUE,,,,,HT#214,https://cdn.shopify.com/s/files/1/0910/2642/4090/files/Hexagonal-Tray-2.jpg?v=1730542873,1,Ocean Bloom - Patex Studios,FALSE,,,4009,,,,,,,,,,,,,,,,,,,,,,,,,,,kg,,,active
ocean-bloom-hex-tray,,,,,,,,,,,,,,,,,,,,,,https://cdn.shopify.com/s/files/1/0910/2642/4090/files/DSC02721-2-6.jpg?v=1730542873,2,Ocean Bloom - Patex Studios,,,,,,,,,,,,,,,,,,,,,,,,,,,,,,,,,,
ocean-bloom-hex-tray,,,,,,,,,,,,,,,,,,,,,,https://cdn.shopify.com/s/files/1/0910/2642/4090/files/DSC02744.jpg?v=1730542873,3,Ocean Bloom - Patex Studios,,,,,,,,,,,,,,,,,,,,,,,,,,,,,,,,,,
ocean-bloom-hex-tray,,,,,,,,,,,,,,,,,,,,,,https://cdn.shopify.com/s/files/1/0910/2642/4090/files/DSC02721-2.jpg?v=1730542873,4,Ocean Bloom - Patex Studios,,,,,,,,,,,,,,,,,,,,,,,,,,,,,,,,,,
ocean-bloom-hex-tray,,,,,,,,,,,,,,,,,,,,,,https://cdn.shopify.com/s/files/1/0910/2642/4090/files/DSC02726.jpg?v=1730542873,5,Ocean Bloom - Patex Studios,,,,,,,,,,,,,,,,,,,,,,,,,,,,,,,,,,
ocean-bloom-hex-tray,,,,,,,,,,,,,,,,,,,,,,https://cdn.shopify.com/s/files/1/0910/2642/4090/files/DSC02730.jpg?v=1730542873,6,Ocean Bloom - Patex Studios,,,,,,,,,,,,,,,,,,,,,,,,,,,,,,,,,,
ocean-bloom-hex-tray,,,,,,,,,,,,,,,,,,,,,,https://cdn.shopify.com/s/files/1/0910/2642/4090/files/Frame-34803-min.jpg?v=1730542873,7,Ocean Bloom - Patex Studios,,,,,,,,,,,,,,,,,,,,,,,,,,,,,,,,,,
regal-petals,Regal Petals Deep Plate,Serving Platters,,TRUE,Select Your Serving Size,Pack Of 4,D4#4048,0,shopify,7,deny,manual,1580,,TRUE,TRUE,,,,,D4#4048,https://cdn.shopify.com/s/files/1/0910/2642/4090/files/Loose-Plate-2_c5e94e7c-c941-4a4a-9a5e-05872c95dc5f.png?v=1739964895,1,Regal Petals - Patex Studios,FALSE,,,3802,,,,,,,,,,,,,,,,,,,,,,safire-petal,,,,,kg,,,active
regal-petals,,,,,,Pack Of 6,D6#4048,0,shopify,2,deny,manual,1890,,TRUE,TRUE,,,,,D6#4048,https://cdn.shopify.com/s/files/1/0910/2642/4090/files/IMG-20240804-WA0019_32b5973b-8ca8-427d-a43f-f8c32de7a4e3.jpg?v=1739964895,2,Regal Petals - Patex Studios,,,,,,,,,,,,,,,,,,,,,,,,,,,,,,,kg,,,
regal-petals,,,,,,Pack Of 8,D8#4048,0,shopify,3,deny,manual,2210,,TRUE,TRUE,,,,,D8#4048,https://cdn.shopify.com/s/files/1/0910/2642/4090/files/IMG-20240804-WA0020_93e2fe13-14b8-411d-9c13-628f636295aa.jpg?v=1739964895,3,Regal Petals - Patex Studios,,,,,,,,,,,,,,,,,,,,,,,,,,,,,,,kg,,,
sapphire-petals-3,Sapphire Petals Rice Plate,Serving Platters,,TRUE,Select Your Serving Size,Pack Of 4,R4#5018,0,shopify,22,deny,manual,2099,,TRUE,TRUE,,,,,R4#5018,https://cdn.shopify.com/s/files/1/0910/2642/4090/files/Loose-Plate-3_58f1277e-6601-4067-ad26-44ab0c8f273f.png?v=1739952978,1,Sapphire Petals - Patex Studios,FALSE,,,3802,,,,,,,,,,,,,,,,,,,,,,sapphire-petals-2,,,,,kg,,,active
sapphire-petals-3,,,,,,Pack Of 6,R6#5018,0,shopify,8,deny,manual,2730,,TRUE,TRUE,,,,,R6#5018,https://cdn.shopify.com/s/files/1/0910/2642/4090/files/IMG-20240804-WA0018_ca8505d6-5840-49a6-94fe-ebbda484aa76.jpg?v=1739952978,2,Sapphire Petals - Patex Studios,,,,,,,,,,,,,,,,,,,,,,,,,,,,,,,kg,,,
sapphire-petals-3,,,,,,Pack Of 8,R8#5018,0,shopify,21,deny,manual,3360,,TRUE,TRUE,,,,,R8#5018,https://cdn.shopify.com/s/files/1/0910/2642/4090/files/IMG-20240804-WA0021_528f4eaf-b5ac-4ade-9a2a-62aa422905fe.jpg?v=1739952978,3,Sapphire Petals - Patex Studios,,,,,,,,,,,,,,,,,,,,,,,,,,,,,,,kg,,,
sapphire-petals-3,,,,,,,,,,,,,,,,,,,,,,https://cdn.shopify.com/s/files/1/0910/2642/4090/files/Sapphire-Petals-2_13eaabbb-2c72-48ff-815b-ccd16d240f22.webp?v=1739952978,4,Sapphire Petals - Patex Studios,,,,,,,,,,,,,,,,,,,,,,,,,,,,,,,,,,
sapphire-petals-3,,,,,,,,,,,,,,,,,,,,,,https://cdn.shopify.com/s/files/1/0910/2642/4090/files/Sapphire-Petals_cdc8a56e-1a64-46cc-9da7-52666e508d4e.webp?v=1739952978,5,Sapphire Petals - Patex Studios,,,,,,,,,,,,,,,,,,,,,,,,,,,,,,,,,,
sapphire-petals-2,Sapphire Petals Deep Plate,Serving Platters,,TRUE,Select Your Serving Size,Pack Of 4,D4#5018,0,shopify,22,deny,manual,1580,,TRUE,TRUE,,,,,D4#5018,https://cdn.shopify.com/s/files/1/0910/2642/4090/files/Loose-Plate-3_98d6fd11-ed05-4501-9cfd-7f369f769cba.png?v=1739964845,1,Sapphire Petals - Patex Studios,FALSE,,,3802,,,,,,,,,,,,,,,,,,,,,,sapphire-petals-3,,,,,kg,,,active
sapphire-petals-2,,,,,,Pack Of 6,D6#5018,0,shopify,8,deny,manual,1890,,TRUE,TRUE,,,,,D6#5018,https://cdn.shopify.com/s/files/1/0910/2642/4090/files/IMG-20240804-WA0021.jpg?v=1739964845,2,Sapphire Petals - Patex Studios,,,,,,,,,,,,,,,,,,,,,,,,,,,,,,,kg,,,
sapphire-petals-2,,,,,,Pack Of 8,D8#5018,0,shopify,17,deny,manual,2210,,TRUE,TRUE,,,,,D8#5018,https://cdn.shopify.com/s/files/1/0910/2642/4090/files/IMG-20240804-WA0018.jpg?v=1739964845,3,Sapphire Petals - Patex Studios,,,,,,,,,,,,,,,,,,,,,,,,,,,,,,,kg,,,
sapphire-petals-2,,,,,,,,,,,,,,,,,,,,,,https://cdn.shopify.com/s/files/1/0910/2642/4090/files/Sapphire-Petals-2.webp?v=1739964845,4,Sapphire Petals - Patex Studios,,,,,,,,,,,,,,,,,,,,,,,,,,,,,,,,,,
sapphire-petals-2,,,,,,,,,,,,,,,,,,,,,,https://cdn.shopify.com/s/files/1/0910/2642/4090/files/Sapphire-Petals.webp?v=1739964845,5,Sapphire Petals - Patex Studios,,,,,,,,,,,,,,,,,,,,,,,,,,,,,,,,,,
nightfall-blossom,Nightfall Blossom Dinner Set,Dinnerware Sets,,TRUE,Select Your Serving Size,4 Person serving Dinner Set = 22 PCS,DS4#5016,0,shopify,15,deny,manual,5780,,TRUE,TRUE,,,,,DS4#5016,https://cdn.shopify.com/s/files/1/0910/2642/4090/files/Dinner-Set1.png?v=1738398456,1,Nightfall Blossom Dinner Set - Patex Studios,FALSE,,,5537,,,,,,,,,,,,,,,,,,,,,,,,,,,kg,,,active
nightfall-blossom,,,,,,6 Person serving Dinner Set = 30 PCS,DS6#5016,0,shopify,15,deny,manual,7880,,TRUE,TRUE,,,,,DS6#5016,https://cdn.shopify.com/s/files/1/0910/2642/4090/files/DSC02692-scaled.jpg?v=1738398456,2,Nightfall Blossom Dinner Set - Patex Studios,,,,,,,,,,,,,,,,,,,,,,,,,,,,,,,kg,,,
nightfall-blossom,,,,,,8 Person serving Dinner Set = 43 PCS,DS8#5016,0,shopify,15,deny,manual,10499,,TRUE,TRUE,,,,,DS8#5016,https://cdn.shopify.com/s/files/1/0910/2642/4090/files/DSC02860.jpg?v=1738398456,3,Nightfall Blossom Dinner Set - Patex Studios,,,,,,,,,,,,,,,,,,,,,,,,,,,,,,,kg,,,
nightfall-blossom,,,,,,,,,,,,,,,,,,,,,,https://cdn.shopify.com/s/files/1/0910/2642/4090/files/DSC02842.jpg?v=1738398456,4,Nightfall Blossom Dinner Set - Patex Studios,,,,,,,,,,,,,,,,,,,,,,,,,,,,,,,,,,
nightfall-blossom,,,,,,,,,,,,,,,,,,,,,,https://cdn.shopify.com/s/files/1/0910/2642/4090/files/DSC02844.jpg?v=1738398456,5,Nightfall Blossom Dinner Set - Patex Studios,,,,,,,,,,,,,,,,,,,,,,,,,,,,,,,,,,
nightfall-blossom,,,,,,,,,,,,,,,,,,,,,,https://cdn.shopify.com/s/files/1/0910/2642/4090/files/DSC02850.jpg?v=1738398456,6,Nightfall Blossom Dinner Set - Patex Studios,,,,,,,,,,,,,,,,,,,,,,,,,,,,,,,,,,
nightfall-blossom,,,,,,,,,,,,,,,,,,,,,,https://cdn.shopify.com/s/files/1/0910/2642/4090/files/DSC02853.jpg?v=1738398456,7,Nightfall Blossom Dinner Set - Patex Studios,,,,,,,,,,,,,,,,,,,,,,,,,,,,,,,,,,
nightfall-blossom,,,,,,,,,,,,,,,,,,,,,,https://cdn.shopify.com/s/files/1/0910/2642/4090/files/DSC02405-1.jpg?v=1738398456,8,Nightfall Blossom Dinner Set - Patex Studios,,,,,,,,,,,,,,,,,,,,,,,,,,,,,,,,,,
ebony-symphony-dinner-set,Ebony Symphony Dinner Set,Dinnerware Sets,,TRUE,Select Your Serving Size,4 Person serving Dinner Set = 22 PCS,DS4#5015,0,shopify,15,deny,manual,5780,,TRUE,TRUE,,,,,DS4#5015,https://cdn.shopify.com/s/files/1/0910/2642/4090/files/Dinner-Set5.png?v=1738398650,1,Ebony Symphony Dinner Set - Patex Studios,FALSE,,,5537,,,,,,,,,,,,,,,,,,,,,,,,,,,kg,,,active
ebony-symphony-dinner-set,,,,,,6 Person serving Dinner Set = 30 PCS,DS6#5015,0,shopify,15,deny,manual,7880,,TRUE,TRUE,,,,,DS6#5015,https://cdn.shopify.com/s/files/1/0910/2642/4090/files/wad.jpg?v=1738398650,2,Ebony Symphony Dinner Set - Patex Studios,,,,,,,,,,,,,,,,,,,,,,,,,,,,,,,kg,,,
ebony-symphony-dinner-set,,,,,,8 Person serving Dinner Set = 43 PCS,DS8#5015,0,shopify,15,deny,manual,10499,,TRUE,TRUE,,,,,DS8#5015,https://cdn.shopify.com/s/files/1/0910/2642/4090/files/DSC02929.jpg?v=1738398650,3,Ebony Symphony Dinner Set - Patex Studios,,,,,,,,,,,,,,,,,,,,,,,,,,,,,,,kg,,,
ebony-symphony-dinner-set,,,,,,,,,,,,,,,,,,,,,,https://cdn.shopify.com/s/files/1/0910/2642/4090/files/DSC02931.jpg?v=1738398650,4,Ebony Symphony Dinner Set - Patex Studios,,,,,,,,,,,,,,,,,,,,,,,,,,,,,,,,,,
ebony-symphony-dinner-set,,,,,,,,,,,,,,,,,,,,,,https://cdn.shopify.com/s/files/1/0910/2642/4090/files/DSC02932.jpg?v=1738398650,5,Ebony Symphony Dinner Set - Patex Studios,,,,,,,,,,,,,,,,,,,,,,,,,,,,,,,,,,
ebony-symphony-dinner-set,,,,,,,,,,,,,,,,,,,,,,https://cdn.shopify.com/s/files/1/0910/2642/4090/files/DSC02933.jpg?v=1738398650,6,Ebony Symphony Dinner Set - Patex Studios,,,,,,,,,,,,,,,,,,,,,,,,,,,,,,,,,,
ebony-symphony-dinner-set,,,,,,,,,,,,,,,,,,,,,,https://cdn.shopify.com/s/files/1/0910/2642/4090/files/DSC02942.jpg?v=1738398650,7,Ebony Symphony Dinner Set - Patex Studios,,,,,,,,,,,,,,,,,,,,,,,,,,,,,,,,,,
azure-swirl-2,Azure Swirl Deep Plate,Serving Platters,,TRUE,Serving Size,Pack Of 4,D4#5017,0,shopify,25,deny,manual,1580,,TRUE,TRUE,,,,,,https://cdn.shopify.com/s/files/1/0910/2642/4090/files/Loose-Plate-1_040893f7-49fa-45d0-86cf-8118d9666a3a.png?v=1739964791,1,Azure Swirl - Patex Studios,FALSE,,,3802,,,,,,,,,,,,,,,,,,,,,,azure-swirl,,,,,kg,,,active
azure-swirl-2,,,,,,Pack Of 6,D6#5017,0,shopify,10,deny,manual,1890,,TRUE,TRUE,,,,,,https://cdn.shopify.com/s/files/1/0910/2642/4090/files/IMG-20240804-WA0017.jpg?v=1739964791,2,Azure Swirl - Patex Studios,,,,,,,,,,,,,,,,,,,,,,,,,,,,,,,kg,,,
azure-swirl-2,,,,,,Pack Of 8,D8#5017,0,shopify,21,deny,manual,2210,,TRUE,TRUE,,,,,,,,,,,,,,,,,,,,,,,,,,,,,,,,,,,,,,,kg,,,
safire-petal,Regal Petals Rice Plate,Serving Platters,,TRUE,Select Your Serving Size,Pack Of 4,R4#4048,0,shopify,10,deny,manual,2099,,TRUE,TRUE,,,,,R4#4048,https://cdn.shopify.com/s/files/1/0910/2642/4090/files/Loose-Plate-2_8c2d68a6-8e05-44b4-9ed3-6e3a1edecd5f.png?v=1739952940,1,Regal Petals - Patex Studios,FALSE,,,3802,,,,,,,,,,,,,,,,,,,,,,regal-petals,,,,,kg,,,active
safire-petal,,,,,,Pack Of 6,R6#4048,0,shopify,1,deny,manual,2730,,TRUE,TRUE,,,,,R6#4048,https://cdn.shopify.com/s/files/1/0910/2642/4090/files/IMG-20240804-WA0019.jpg?v=1739952940,2,Regal Petals - Patex Studios,,,,,,,,,,,,,,,,,,,,,,,,,,,,,,,kg,,,
safire-petal,,,,,,Pack Of 8,R8#4048,0,shopify,9,deny,manual,3360,,TRUE,TRUE,,,,,R8#4048,https://cdn.shopify.com/s/files/1/0910/2642/4090/files/IMG-20240804-WA0020.jpg?v=1739952940,3,Regal Petals - Patex Studios,,,,,,,,,,,,,,,,,,,,,,,,,,,,,,,kg,,,
azure-swirl,Azure Swirl Rice Plate,Serving Platters,,TRUE,Serving Size,Pack Of 4,R4#5017,0,shopify,28,deny,manual,2099,,TRUE,TRUE,,,,,,https://cdn.shopify.com/s/files/1/0910/2642/4090/files/Loose-Plate-1_b7babd5b-9b3d-4db0-8077-d0bca4f7e7af.png?v=1739952892,1,Azure Swirl - Patex Studios,FALSE,,,3802,,,,,,,,,,,,,,,,,,,,,,azure-swirl-2,,,,,kg,,,active
azure-swirl,,,,,,Pack Of 6,R6#5017,0,shopify,18,deny,manual,2730,,TRUE,TRUE,,,,,,https://cdn.shopify.com/s/files/1/0910/2642/4090/files/IMG-20240804-WA0022.jpg?v=1739952892,2,Azure Swirl - Patex Studios,,,,,,,,,,,,,,,,,,,,,,,,,,,,,,,kg,,,
azure-swirl,,,,,,Pack Of 8,R8#5017,0,shopify,28,deny,manual,3360,,TRUE,TRUE,,,,,,,,,,,,,,,,,,,,,,,,,,,,,,,,,,,,,,,kg,,,
azure-bliss-dinner-set,Azure Bliss Dinner Set,Dinnerware Sets,,TRUE,Select Your Serving Size,4 Person serving Dinner Set = 22 PCS,DS4#5011,0,shopify,14,deny,manual,5780,,TRUE,TRUE,,,,,DS4#5011,https://cdn.shopify.com/s/files/1/0910/2642/4090/files/Dinner-Set2.png?v=1738398711,1,Azure Bliss Dinner Set - Patex Studios,FALSE,,,5537,,,,,,,,,,,,,,,,,,,,,,,,,,,kg,,,active
azure-bliss-dinner-set,,,,,,6 Person serving Dinner Set = 30 PCS,DS6#5011,0,shopify,13,deny,manual,7880,,TRUE,TRUE,,,,,DS6#5011,https://cdn.shopify.com/s/files/1/0910/2642/4090/files/DSC02944.jpg?v=1738398711,2,Azure Bliss Dinner Set - Patex Studios,,,,,,,,,,,,,,,,,,,,,,,,,,,,,,,kg,,,
azure-bliss-dinner-set,,,,,,8 Person serving Dinner Set = 43 PCS,DS8#5011,0,shopify,14,deny,manual,10499,,TRUE,TRUE,,,,,DS8#5011,https://cdn.shopify.com/s/files/1/0910/2642/4090/files/DSC02945.jpg?v=1738398711,3,Azure Bliss Dinner Set - Patex Studios,,,,,,,,,,,,,,,,,,,,,,,,,,,,,,,kg,,,
azure-bliss-dinner-set,,,,,,,,,,,,,,,,,,,,,,https://cdn.shopify.com/s/files/1/0910/2642/4090/files/DSC02947.jpg?v=1738398711,4,Azure Bliss Dinner Set - Patex Studios,,,,,,,,,,,,,,,,,,,,,,,,,,,,,,,,,,
azure-bliss-dinner-set,,,,,,,,,,,,,,,,,,,,,,https://cdn.shopify.com/s/files/1/0910/2642/4090/files/DSC02950.jpg?v=1738398711,5,Azure Bliss Dinner Set - Patex Studios,,,,,,,,,,,,,,,,,,,,,,,,,,,,,,,,,,
azure-bliss-dinner-set,,,,,,,,,,,,,,,,,,,,,,https://cdn.shopify.com/s/files/1/0910/2642/4090/files/DSC02953.jpg?v=1738398711,6,Azure Bliss Dinner Set - Patex Studios,,,,,,,,,,,,,,,,,,,,,,,,,,,,,,,,,,
azure-bliss-dinner-set,,,,,,,,,,,,,,,,,,,,,,https://cdn.shopify.com/s/files/1/0910/2642/4090/files/DSC02955.jpg?v=1738398711,7,Azure Bliss Dinner Set - Patex Studios,,,,,,,,,,,,,,,,,,,,,,,,,,,,,,,,,,
azure-bliss-dinner-set,,,,,,,,,,,,,,,,,,,,,,https://cdn.shopify.com/s/files/1/0910/2642/4090/files/DSC02956_cb564447-3ccb-44b1-a9f1-927e0e5a7d33.jpg?v=1738398711,8,Azure Bliss Dinner Set - Patex Studios,,,,,,,,,,,,,,,,,,,,,,,,,,,,,,,,,,
azure-bliss-dinner-set,,,,,,,,,,,,,,,,,,,,,,https://cdn.shopify.com/s/files/1/0910/2642/4090/files/DSC02963.jpg?v=1738398711,9,Azure Bliss Dinner Set - Patex Studios,,,,,,,,,,,,,,,,,,,,,,,,,,,,,,,,,,
azure-bliss-dinner-set,,,,,,,,,,,,,,,,,,,,,,https://cdn.shopify.com/s/files/1/0910/2642/4090/files/DSC02621-2-scaled.jpg?v=1738398711,10,Azure Bliss Dinner Set - Patex Studios,,,,,,,,,,,,,,,,,,,,,,,,,,,,,,,,,,
geo-pop,Geo Pop,Serving Trays,,TRUE,Title,Default Title,HT#215,0,shopify,13,deny,manual,2630,,TRUE,TRUE,,,,,HT#215,https://cdn.shopify.com/s/files/1/0910/2642/4090/files/Hexagonal-Tray-4.jpg?v=1730542656,1,Geo Pop - Patex Studios,FALSE,,,6456,,,,,,,,,,,,,,,,,,,,,,,,,,,kg,,,active
geo-pop,,,,,,,,,,,,,,,,,,,,,,https://cdn.shopify.com/s/files/1/0910/2642/4090/files/6363-scaled.jpg?v=1730542656,2,Geo Pop - Patex Studios,,,,,,,,,,,,,,,,,,,,,,,,,,,,,,,,,,
geo-pop,,,,,,,,,,,,,,,,,,,,,,https://cdn.shopify.com/s/files/1/0910/2642/4090/files/DSC02706.jpg?v=1730542656,3,Geo Pop - Patex Studios,,,,,,,,,,,,,,,,,,,,,,,,,,,,,,,,,,
geo-pop,,,,,,,,,,,,,,,,,,,,,,https://cdn.shopify.com/s/files/1/0910/2642/4090/files/DSC02710.jpg?v=1730542656,4,Geo Pop - Patex Studios,,,,,,,,,,,,,,,,,,,,,,,,,,,,,,,,,,
geo-pop,,,,,,,,,,,,,,,,,,,,,,https://cdn.shopify.com/s/files/1/0910/2642/4090/files/DSC02711.jpg?v=1730542656,5,Geo Pop - Patex Studios,,,,,,,,,,,,,,,,,,,,,,,,,,,,,,,,,,
geo-pop,,,,,,,,,,,,,,,,,,,,,,https://cdn.shopify.com/s/files/1/0910/2642/4090/files/DSC02721.jpg?v=1730542656,6,Geo Pop - Patex Studios,,,,,,,,,,,,,,,,,,,,,,,,,,,,,,,,,,
geo-pop,,,,,,,,,,,,,,,,,,,,,,https://cdn.shopify.com/s/files/1/0910/2642/4090/files/36.jpg?v=1730542656,7,Geo Pop - Patex Studios,,,,,,,,,,,,,,,,,,,,,,,,,,,,,,,,,,
tray-5,Cafe Delight,Serving Trays,,TRUE,Title,Default Title,JT#323,0,shopify,10,deny,manual,2160,,TRUE,TRUE,,,,,JT#323,https://cdn.shopify.com/s/files/1/0910/2642/4090/files/Tray-5.jpg?v=1730542631,1,Cafe Delight - Patex Studios,FALSE,,,4009,,,,,,,,,,,,,,,,,,,,,,,,,,,kg,,,active
tray-5,,,,,,,,,,,,,,,,,,,,,,https://cdn.shopify.com/s/files/1/0910/2642/4090/files/DSC03069.jpg?v=1730542632,2,Cafe Delight - Patex Studios,,,,,,,,,,,,,,,,,,,,,,,,,,,,,,,,,,
tray-5,,,,,,,,,,,,,,,,,,,,,,https://cdn.shopify.com/s/files/1/0910/2642/4090/files/DSC03071.jpg?v=1730542632,3,Cafe Delight - Patex Studios,,,,,,,,,,,,,,,,,,,,,,,,,,,,,,,,,,
tray-5,,,,,,,,,,,,,,,,,,,,,,https://cdn.shopify.com/s/files/1/0910/2642/4090/files/DSC03072.jpg?v=1730542632,4,Cafe Delight - Patex Studios,,,,,,,,,,,,,,,,,,,,,,,,,,,,,,,,,,
tray-4,Fruitful Harmony,Serving Trays,,TRUE,Title,Default Title,JT#319,0,shopify,14,deny,manual,2160,,TRUE,TRUE,,,,,JT#319,https://cdn.shopify.com/s/files/1/0910/2642/4090/files/Tray-4.jpg?v=1730542616,1,Fruitful Harmony - Patex Studios,FALSE,,,4009,,,,,,,,,,,,,,,,,,,,,,,,,,,kg,,,active
tray-4,,,,,,,,,,,,,,,,,,,,,,https://cdn.shopify.com/s/files/1/0910/2642/4090/files/DSC03064.jpg?v=1730542616,2,Fruitful Harmony - Patex Studios,,,,,,,,,,,,,,,,,,,,,,,,,,,,,,,,,,
tray-4,,,,,,,,,,,,,,,,,,,,,,https://cdn.shopify.com/s/files/1/0910/2642/4090/files/DSC03065.jpg?v=1730542616,3,Fruitful Harmony - Patex Studios,,,,,,,,,,,,,,,,,,,,,,,,,,,,,,,,,,
tray-4,,,,,,,,,,,,,,,,,,,,,,https://cdn.shopify.com/s/files/1/0910/2642/4090/files/DSC03068.jpg?v=1730542616,4,Fruitful Harmony - Patex Studios,,,,,,,,,,,,,,,,,,,,,,,,,,,,,,,,,,
tray-3,Timeless Treasures,Serving Trays,,TRUE,Title,Default Title,JT#322,0,shopify,9,deny,manual,2160,,TRUE,TRUE,,,,,JT#322,https://cdn.shopify.com/s/files/1/0910/2642/4090/files/Tray-3.jpg?v=1730542601,1,Timeless Treasures - Patex Studios,FALSE,,,4009,,,,,,,,,,,,,,,,,,,,,,,,,,,kg,,,active
tray-3,,,,,,,,,,,,,,,,,,,,,,https://cdn.shopify.com/s/files/1/0910/2642/4090/files/DSC03060.jpg?v=1730542601,2,Timeless Treasures - Patex Studios,,,,,,,,,,,,,,,,,,,,,,,,,,,,,,,,,,
tray-3,,,,,,,,,,,,,,,,,,,,,,https://cdn.shopify.com/s/files/1/0910/2642/4090/files/DSC03061.jpg?v=1730542601,3,Timeless Treasures - Patex Studios,,,,,,,,,,,,,,,,,,,,,,,,,,,,,,,,,,
tray-3,,,,,,,,,,,,,,,,,,,,,,https://cdn.shopify.com/s/files/1/0910/2642/4090/files/DSC03062.jpg?v=1730542601,4,Timeless Treasures - Patex Studios,,,,,,,,,,,,,,,,,,,,,,,,,,,,,,,,,,
tray-2,Cosmic Flow,Serving Trays,,TRUE,Title,Default Title,JT#321,0,shopify,8,deny,manual,2160,,TRUE,TRUE,,,,,JT#321,https://cdn.shopify.com/s/files/1/0910/2642/4090/files/Tray-2.jpg?v=1730542584,1,Cosmic Flow - Patex Studios,FALSE,,,4009,,,,,,,,,,,,,,,,,,,,,,,,,,,kg,,,active
tray-2,,,,,,,,,,,,,,,,,,,,,,https://cdn.shopify.com/s/files/1/0910/2642/4090/files/DSC03056.jpg?v=1730542585,2,Cosmic Flow - Patex Studios,,,,,,,,,,,,,,,,,,,,,,,,,,,,,,,,,,
tray-1,Geometric Elegance,Serving Trays,,TRUE,Title,Default Title,JT#320,0,shopify,7,deny,manual,2160,,TRUE,TRUE,,,,,JT#320,https://cdn.shopify.com/s/files/1/0910/2642/4090/files/Tray-1.jpg?v=1730542571,1,Geometric Elegance - Patex Studios,FALSE,,,4009,,,,,,,,,,,,,,,,,,,,,,,,,,,kg,,,active
tray-1,,,,,,,,,,,,,,,,,,,,,,https://cdn.shopify.com/s/files/1/0910/2642/4090/files/DSC02970.jpg?v=1730542572,2,Geometric Elegance - Patex Studios,,,,,,,,,,,,,,,,,,,,,,,,,,,,,,,,,,
tray-1,,,,,,,,,,,,,,,,,,,,,,https://cdn.shopify.com/s/files/1/0910/2642/4090/files/DSC03034.jpg?v=1730542572,3,Geometric Elegance - Patex Studios,,,,,,,,,,,,,,,,,,,,,,,,,,,,,,,,,,
tray-1,,,,,,,,,,,,,,,,,,,,,,https://cdn.shopify.com/s/files/1/0910/2642/4090/files/DSC03047.jpg?v=1730542571,4,Geometric Elegance - Patex Studios,,,,,,,,,,,,,,,,,,,,,,,,,,,,,,,,,,
tray-1,,,,,,,,,,,,,,,,,,,,,,https://cdn.shopify.com/s/files/1/0910/2642/4090/files/2dwedw-min.png?v=1730542573,5,Geometric Elegance - Patex Studios,,,,,,,,,,,,,,,,,,,,,,,,,,,,,,,,,,
spider-man-adventure-dining-set,Spider-Man Adventure Dining Set,Dinnerware Sets,,TRUE,Title,Default Title,KD#4055,0,shopify,11,deny,manual,1840,,TRUE,TRUE,,,,,KD#4055,https://cdn.shopify.com/s/files/1/0910/2642/4090/files/Kids-3-1.jpg?v=1730542551,1,Spider-Man Adventure Dining Set - Patex Studios,FALSE,,,5537,,,,,,,,,,,,,,,,,,,,,,,,,,,kg,,,active
spider-man-adventure-dining-set,,,,,,,,,,,,,,,,,,,,,,https://cdn.shopify.com/s/files/1/0910/2642/4090/files/DSC02939-scaled.jpg?v=1730542551,2,Spider-Man Adventure Dining Set - Patex Studios,,,,,,,,,,,,,,,,,,,,,,,,,,,,,,,,,,
spider-man-adventure-dining-set,,,,,,,,,,,,,,,,,,,,,,https://cdn.shopify.com/s/files/1/0910/2642/4090/files/DSC02912.jpg?v=1730542551,3,Spider-Man Adventure Dining Set - Patex Studios,,,,,,,,,,,,,,,,,,,,,,,,,,,,,,,,,,
barbie-magic-dining-set,Barbie Magic Dining Set,Dinnerware Sets,,TRUE,Title,Default Title,KD#4057,0,shopify,6,deny,manual,1840,,TRUE,TRUE,,,,,KD#4057,https://cdn.shopify.com/s/files/1/0910/2642/4090/files/Kids-2-1.jpg?v=1730542538,1,Barbie Magic Dining Set - Patex Studios,FALSE,,,5537,,,,,,,,,,,,,,,,,,,,,,,,,,,kg,,,active
barbie-magic-dining-set,,,,,,,,,,,,,,,,,,,,,,https://cdn.shopify.com/s/files/1/0910/2642/4090/files/DSC02185.jpg?v=1730542537,2,Barbie Magic Dining Set - Patex Studios,,,,,,,,,,,,,,,,,,,,,,,,,,,,,,,,,,
barbie-magic-dining-set,,,,,,,,,,,,,,,,,,,,,,https://cdn.shopify.com/s/files/1/0910/2642/4090/files/DSC02142-scaled.jpg?v=1730542538,3,Barbie Magic Dining Set - Patex Studios,,,,,,,,,,,,,,,,,,,,,,,,,,,,,,,,,,
barbie-magic-dining-set,,,,,,,,,,,,,,,,,,,,,,https://cdn.shopify.com/s/files/1/0910/2642/4090/files/DSC02141.jpg?v=1730542537,4,Barbie Magic Dining Set - Patex Studios,,,,,,,,,,,,,,,,,,,,,,,,,,,,,,,,,,
kids-1,Barbie Dream Dining Set,Dinnerware Sets,,TRUE,Title,Default Title,KD#4058,0,shopify,15,deny,manual,1840,,TRUE,TRUE,,,,,KD#4058,https://cdn.shopify.com/s/files/1/0910/2642/4090/files/kids-4.jpg?v=1730542522,1,Barbie Dream Dining Set - Patex Studios,FALSE,,,5537,,,,,,,,,,,,,,,,,,,,,,,,,,,kg,,,active
kids-1,,,,,,,,,,,,,,,,,,,,,,https://cdn.shopify.com/s/files/1/0910/2642/4090/files/DSC02956.jpg?v=1730542521,2,Barbie Dream Dining Set - Patex Studios,,,,,,,,,,,,,,,,,,,,,,,,,,,,,,,,,,
kids-1,,,,,,,,,,,,,,,,,,,,,,https://cdn.shopify.com/s/files/1/0910/2642/4090/files/96.jpg?v=1730542522,3,Barbie Dream Dining Set - Patex Studios,,,,,,,,,,,,,,,,,,,,,,,,,,,,,,,,,,
hexagonal-tray-3,Marble Swirl,Serving Trays,,TRUE,Title,Default Title,HT#216,0,shopify,12,deny,manual,2630,,TRUE,TRUE,,,,,HT#216,https://cdn.shopify.com/s/files/1/0910/2642/4090/files/Hexagonal-Tray-3.jpg?v=1730542506,1,Marble Swirl - Patex Studios,FALSE,,,4009,,,,,,,,,,,,,,,,,,,,,,,,,,,kg,,,active
hexagonal-tray-3,,,,,,,,,,,,,,,,,,,,,,https://cdn.shopify.com/s/files/1/0910/2642/4090/files/23r22r3-scaled.jpg?v=1730542506,2,Marble Swirl - Patex Studios,,,,,,,,,,,,,,,,,,,,,,,,,,,,,,,,,,
hexagonal-tray-3,,,,,,,,,,,,,,,,,,,,,,https://cdn.shopify.com/s/files/1/0910/2642/4090/files/DSC02754.jpg?v=1730542506,3,Marble Swirl - Patex Studios,,,,,,,,,,,,,,,,,,,,,,,,,,,,,,,,,,
hexagonal-tray-3,,,,,,,,,,,,,,,,,,,,,,https://cdn.shopify.com/s/files/1/0910/2642/4090/files/DSC02755.jpg?v=1730542507,4,Marble Swirl - Patex Studios,,,,,,,,,,,,,,,,,,,,,,,,,,,,,,,,,,
hexagonal-tray-3,,,,,,,,,,,,,,,,,,,,,,https://cdn.shopify.com/s/files/1/0910/2642/4090/files/DSC02758.jpg?v=1730542509,5,Marble Swirl - Patex Studios,,,,,,,,,,,,,,,,,,,,,,,,,,,,,,,,,,
hexagonal-tray-3,,,,,,,,,,,,,,,,,,,,,,https://cdn.shopify.com/s/files/1/0910/2642/4090/files/DSC02767.jpg?v=1730542507,6,Marble Swirl - Patex Studios,,,,,,,,,,,,,,,,,,,,,,,,,,,,,,,,,,
hexagonal-tray-3,,,,,,,,,,,,,,,,,,,,,,https://cdn.shopify.com/s/files/1/0910/2642/4090/files/3dd-scaled.jpg?v=1730542506,7,Marble Swirl - Patex Studios,,,,,,,,,,,,,,,,,,,,,,,,,,,,,,,,,,
hexagonal-tray-1,Mandala,Serving Trays,,TRUE,Title,Default Title,HT#213,0,shopify,3,deny,manual,2630,,TRUE,TRUE,,,,,HT#213,https://cdn.shopify.com/s/files/1/0910/2642/4090/files/Hexagonal-Tray-1.jpg?v=1730542481,1,Mandala - Patex Studios,FALSE,,,4009,,,,,,,,,,,,,,,,,,,,,,,,,,,kg,,,active
hexagonal-tray-1,,,,,,,,,,,,,,,,,,,,,,https://cdn.shopify.com/s/files/1/0910/2642/4090/files/51-2.jpg?v=1730542482,2,Mandala - Patex Studios,,,,,,,,,,,,,,,,,,,,,,,,,,,,,,,,,,
hexagonal-tray-1,,,,,,,,,,,,,,,,,,,,,,https://cdn.shopify.com/s/files/1/0910/2642/4090/files/DSC02680-2.jpg?v=1730542481,3,Mandala - Patex Studios,,,,,,,,,,,,,,,,,,,,,,,,,,,,,,,,,,
hexagonal-tray-1,,,,,,,,,,,,,,,,,,,,,,https://cdn.shopify.com/s/files/1/0910/2642/4090/files/DSC02681.jpg?v=1730542482,4,Mandala - Patex Studios,,,,,,,,,,,,,,,,,,,,,,,,,,,,,,,,,,
hexagonal-tray-1,,,,,,,,,,,,,,,,,,,,,,https://cdn.shopify.com/s/files/1/0910/2642/4090/files/DSC02685.jpg?v=1730542484,5,Mandala - Patex Studios,,,,,,,,,,,,,,,,,,,,,,,,,,,,,,,,,,
hexagonal-tray-1,,,,,,,,,,,,,,,,,,,,,,https://cdn.shopify.com/s/files/1/0910/2642/4090/files/DSC02687.jpg?v=1730542482,6,Mandala - Patex Studios,,,,,,,,,,,,,,,,,,,,,,,,,,,,,,,,,,
hexagonal-tray-1,,,,,,,,,,,,,,,,,,,,,,https://cdn.shopify.com/s/files/1/0910/2642/4090/files/DSC02690.jpg?v=1730542482,7,Mandala - Patex Studios,,,,,,,,,,,,,,,,,,,,,,,,,,,,,,,,,,
hexagonal-tray-1,,,,,,,,,,,,,,,,,,,,,,https://cdn.shopify.com/s/files/1/0910/2642/4090/files/DSC02693-scaled.jpg?v=1730542481,8,Mandala - Patex Studios,,,,,,,,,,,,,,,,,,,,,,,,,,,,,,,,,,
dinner-set-2,Azure Blossom Dinner Set,Dinnerware Sets,,TRUE,Select Your Serving Size,4 Person serving Dinner Set = 22 PCS,DS4#5010,0,shopify,14,deny,manual,5780,,TRUE,TRUE,,,,,DS4#5010,https://cdn.shopify.com/s/files/1/0910/2642/4090/files/Dinnerset-2.jpg?v=1730542455,1,Azure Blossom Dinner Set - Patex Studios,FALSE,,,5537,,,,,,,,,,,,,,,,,,,,,,,,,,https://cdn.shopify.com/s/files/1/0910/2642/4090/files/Dinnerset-2.jpg?v=1730542455,kg,,,active
dinner-set-2,,,,,,6 Person serving Dinner Set = 30 PCS,DS6#5010,0,shopify,15,deny,manual,7880,,TRUE,TRUE,,,,,DS6#5010,https://cdn.shopify.com/s/files/1/0910/2642/4090/files/1-2.jpg?v=1730542455,2,Azure Blossom Dinner Set - Patex Studios,,,,,,,,,,,,,,,,,,,,,,,,,,,,,,https://cdn.shopify.com/s/files/1/0910/2642/4090/files/Dinnerset-2.jpg?v=1730542455,kg,,,
dinner-set-2,,,,,,8 Person serving Dinner Set = 43 PCS,DS8#5010,0,shopify,15,deny,manual,10499,,TRUE,TRUE,,,,,DS8#5010,https://cdn.shopify.com/s/files/1/0910/2642/4090/files/DSC02772.jpg?v=1730542455,3,Azure Blossom Dinner Set - Patex Studios,,,,,,,,,,,,,,,,,,,,,,,,,,,,,,https://cdn.shopify.com/s/files/1/0910/2642/4090/files/Dinnerset-2.jpg?v=1730542455,kg,,,
dinner-set-2,,,,,,,,,,,,,,,,,,,,,,https://cdn.shopify.com/s/files/1/0910/2642/4090/files/DSC02780.jpg?v=1730542455,4,Azure Blossom Dinner Set - Patex Studios,,,,,,,,,,,,,,,,,,,,,,,,,,,,,,,,,,
dinner-set-2,,,,,,,,,,,,,,,,,,,,,,https://cdn.shopify.com/s/files/1/0910/2642/4090/files/DSC02789.jpg?v=1730542455,5,Azure Blossom Dinner Set - Patex Studios,,,,,,,,,,,,,,,,,,,,,,,,,,,,,,,,,,
dinner-set-2,,,,,,,,,,,,,,,,,,,,,,https://cdn.shopify.com/s/files/1/0910/2642/4090/files/DSC02795.jpg?v=1730542455,6,Azure Blossom Dinner Set - Patex Studios,,,,,,,,,,,,,,,,,,,,,,,,,,,,,,,,,,
dinner-set-2,,,,,,,,,,,,,,,,,,,,,,https://cdn.shopify.com/s/files/1/0910/2642/4090/files/DSC02799.jpg?v=1730542455,7,Azure Blossom Dinner Set - Patex Studios,,,,,,,,,,,,,,,,,,,,,,,,,,,,,,,,,,
dinner-set-2,,,,,,,,,,,,,,,,,,,,,,https://cdn.shopify.com/s/files/1/0910/2642/4090/files/2562.jpg?v=1730542455,8,Azure Blossom Dinner Set - Patex Studios,,,,,,,,,,,,,,,,,,,,,,,,,,,,,,,,,,
dinner-set-2,,,,,,,,,,,,,,,,,,,,,,https://cdn.shopify.com/s/files/1/0910/2642/4090/files/rejfeo-2.jpg?v=1730542455,9,Azure Blossom Dinner Set - Patex Studios,,,,,,,,,,,,,,,,,,,,,,,,,,,,,,,,,,
dinner-set-2,,,,,,,,,,,,,,,,,,,,,,https://cdn.shopify.com/s/files/1/0910/2642/4090/files/Dinner-Set3.png?v=1738398748,10,Azure Blossom Dinner Set - Patex Studios,,,,,,,,,,,,,,,,,,,,,,,,,,,,,,,,,,
noir-chic-dinner-set,Noir Chic Dinner Set,Dinnerware Sets,,TRUE,Select Your Serving Size,4 Person serving Dinner Set = 22 PCS,DS4#5012,0,shopify,12,deny,manual,5780,,TRUE,TRUE,,,,,DS4#5012,https://cdn.shopify.com/s/files/1/0910/2642/4090/files/Dinner-Set4.png?v=1738398848,1,Noir Chic Dinner Set - Patex Studios,FALSE,,,5537,,,,,,,,,,,,,,,,,,,,,,,,,,,kg,,,active
noir-chic-dinner-set,,,,,,6 Person serving Dinner Set = 30 PCS,DS6#5012,0,shopify,15,deny,manual,7880,,TRUE,TRUE,,,,,DS6#5012,https://cdn.shopify.com/s/files/1/0910/2642/4090/files/DSC02871.jpg?v=1738398848,2,Noir Chic Dinner Set - Patex Studios,,,,,,,,,,,,,,,,,,,,,,,,,,,,,,,kg,,,
noir-chic-dinner-set,,,,,,8 Person serving Dinner Set = 43 PCS,DS8#5012,0,shopify,9,deny,manual,10499,,TRUE,TRUE,,,,,DS8#5012,https://cdn.shopify.com/s/files/1/0910/2642/4090/files/DSC02878.jpg?v=1738398848,3,Noir Chic Dinner Set - Patex Studios,,,,,,,,,,,,,,,,,,,,,,,,,,,,,,,kg,,,
noir-chic-dinner-set,,,,,,,,,,,,,,,,,,,,,,https://cdn.shopify.com/s/files/1/0910/2642/4090/files/DSC02881.jpg?v=1738398848,4,Noir Chic Dinner Set - Patex Studios,,,,,,,,,,,,,,,,,,,,,,,,,,,,,,,,,,
noir-chic-dinner-set,,,,,,,,,,,,,,,,,,,,,,https://cdn.shopify.com/s/files/1/0910/2642/4090/files/DSC02883.jpg?v=1738398848,5,Noir Chic Dinner Set - Patex Studios,,,,,,,,,,,,,,,,,,,,,,,,,,,,,,,,,,
noir-chic-dinner-set,,,,,,,,,,,,,,,,,,,,,,https://cdn.shopify.com/s/files/1/0910/2642/4090/files/DSC02917.jpg?v=1738398848,6,Noir Chic Dinner Set - Patex Studios,,,,,,,,,,,,,,,,,,,,,,,,,,,,,,,,,,
noir-chic-dinner-set,,,,,,,,,,,,,,,,,,,,,,https://cdn.shopify.com/s/files/1/0910/2642/4090/files/DSC02443-scaled.jpg?v=1738398848,7,Noir Chic Dinner Set - Patex Studios,,,,,,,,,,,,,,,,,,,,,,,,,,,,,,,,,,
noir-chic-dinner-set,,,,,,,,,,,,,,,,,,,,,,https://cdn.shopify.com/s/files/1/0910/2642/4090/files/DSC02523-scaled.jpg?v=1738398848,8,Noir Chic Dinner Set - Patex Studios,,,,,,,,,,,,,,,,,,,,,,,,,,,,,,,,,,
mystic-fade-2,Mystic Fade Deep Plate,Serving Platters,,TRUE,Select Your Serving Size,Pack Of 4,D4#6002,0,shopify,1,deny,manual,1580,,TRUE,TRUE,,,,,D4#6002,https://cdn.shopify.com/s/files/1/0910/2642/4090/files/Mystic-Fade-Deep-1_5e3a3ca5-a88e-4f83-bdb1-23f85f97b573.png?v=1739964744,1,Mystic Fade - Patex Studios,FALSE,,,3802,,,,,,,,,,,,,,,,,,,,,,mystic-fade,,,,,kg,,,active
mystic-fade-2,,,,,,Pack Of 6,D6#6002,0,shopify,7,deny,manual,1890,,TRUE,TRUE,,,,,D6#6002,https://cdn.shopify.com/s/files/1/0910/2642/4090/files/Deep-2-scaled.jpg?v=1739964744,2,Mystic Fade - Patex Studios,,,,,,,,,,,,,,,,,,,,,,,,,,,,,,,kg,,,
mystic-fade-2,,,,,,Pack Of 8,D8#6002,0,shopify,0,deny,manual,2210,,TRUE,TRUE,,,,,D8#6002,,,,,,,,,,,,,,,,,,,,,,,,,,,,,,,,,,kg,,,
mystic-fade,Mystic Fade Rice Plate,Serving Platters,,TRUE,Select Your Serving Size,Pack Of 4,R4#6002,0,shopify,3,deny,manual,2099,,TRUE,TRUE,,,,,R4#6002,https://cdn.shopify.com/s/files/1/0910/2642/4090/files/Elegant-Fade-Rice-1_ae83a3a9-98cd-4978-9816-05d1ce901e25.png?v=1739952849,1,Mystic Fade - Patex Studios,FALSE,,,3802,,,,,,,,,,,,,,,,,,,,,,mystic-fade-2,,,,,kg,,,active
mystic-fade,,,,,,Pack Of 6,R6#6002,0,shopify,15,deny,manual,2730,,TRUE,TRUE,,,,,R6#6002,https://cdn.shopify.com/s/files/1/0910/2642/4090/files/Rice-2-scaled.jpg?v=1739952849,2,Mystic Fade - Patex Studios,,,,,,,,,,,,,,,,,,,,,,,,,,,,,,,kg,,,
mystic-fade,,,,,,Pack Of 8,R8#6002,0,shopify,1,deny,manual,3360,,TRUE,TRUE,,,,,R8#6002,,,,,,,,,,,,,,,,,,,,,,,,,,,,,,,,,,kg,,,
marble-muse-2,Marble Muse Deep Plate,Serving Platters,,TRUE,Select Your Serving Size,Pack Of 4,D4#6003,0,shopify,5,deny,manual,1580,,TRUE,TRUE,,,,,D4#6003,https://cdn.shopify.com/s/files/1/0910/2642/4090/files/Marble-Muse-Rice_cf8778da-4931-4c1b-9e34-cc33994229a5.png?v=1739964694,1,Marble Muse - Patex Studios,FALSE,,,3802,,,,,,,,,,,,,,,,,,,,,,marble-muse,,,,,kg,,,active
marble-muse-2,,,,,,Pack Of 6,D6#6003,0,shopify,20,deny,manual,1890,,TRUE,TRUE,,,,,D6#6003,https://cdn.shopify.com/s/files/1/0910/2642/4090/files/Deep-1.png?v=1739964694,2,Marble Muse - Patex Studios,,,,,,,,,,,,,,,,,,,,,,,,,,,,,,,kg,,,
marble-muse-2,,,,,,Pack Of 8,D8#6003,0,shopify,2,deny,manual,2210,,TRUE,TRUE,,,,,D8#6003,,,,,,,,,,,,,,,,,,,,,,,,,,,,,,,,,,kg,,,
marble-muse,Marble Muse Rice Plate,Serving Platters,,TRUE,Select Your Serving Size,Pack Of 4,R4#6003,0,shopify,1,deny,manual,2099,,TRUE,TRUE,,,,,R4#6003,https://cdn.shopify.com/s/files/1/0910/2642/4090/files/Marble-Muse-Deep_36a45c16-d0dc-4b1b-85dc-56c2ed1c7194.png?v=1739952759,1,Marble Muse - Patex Studios,FALSE,,,3802,,,,,,,,,,,,,,,,,,,,,,marble-muse-2,,,,,kg,,,active
marble-muse,,,,,,Pack Of 6,R6#6003,0,shopify,14,deny,manual,2730,,TRUE,TRUE,,,,,R6#6003,https://cdn.shopify.com/s/files/1/0910/2642/4090/files/Rice.png?v=1739952759,2,Marble Muse - Patex Studios,,,,,,,,,,,,,,,,,,,,,,,,,,,,,,,kg,,,
marble-muse,,,,,,Pack Of 8,R8#6003,0,shopify,1,deny,manual,3360,,TRUE,TRUE,,,,,R8#6003,,,,,,,,,,,,,,,,,,,,,,,,,,,,,,,,,,kg,,,
gothic-grace-2,Gothic Grace Deep Plate,Serving Platters,,TRUE,Select Your Serving Size,Pack Of 4,D4#6004,0,shopify,4,deny,manual,1580,,TRUE,TRUE,,,,,D4#6004,https://cdn.shopify.com/s/files/1/0910/2642/4090/files/Gothic-Grace-Deep_de55988f-972a-408a-ad10-1487ccc0a1ad.png?v=1739957695,1,Gothic Grace - Patex Studios,FALSE,,,3802,,,,,,,,,,,,,,,,,,,,,,gothic-grace,,,,,kg,,,active
gothic-grace-2,,,,,,Pack Of 6,D6#6004,0,shopify,18,deny,manual,1890,,TRUE,TRUE,,,,,D6#6004,https://cdn.shopify.com/s/files/1/0910/2642/4090/files/Deep-scaled.jpg?v=1739957695,2,Gothic Grace - Patex Studios,,,,,,,,,,,,,,,,,,,,,,,,,,,,,,,kg,,,
gothic-grace-2,,,,,,Pack Of 8,D8#6004,0,shopify,3,deny,manual,2210,,TRUE,TRUE,,,,,D8#6004,,,,,,,,,,,,,,,,,,,,,,,,,,,,,,,,,,kg,,,
gothic-grace,Gothic Grace Rice Plate,Serving Platters,,TRUE,Select Your Serving Size,Pack Of 4,R4#6004,0,shopify,3,deny,manual,2099,,TRUE,TRUE,,,,,R4#6004,https://cdn.shopify.com/s/files/1/0910/2642/4090/files/Gothic-Grace-Rice_28ce6270-2aeb-484c-97d5-f5b346409d31.png?v=1739952699,1,Gothic Grace - Patex Studios,FALSE,,,3802,,,,,,,,,,,,,,,,,,,,,,gothic-grace-2,,,,,kg,,,active
gothic-grace,,,,,,Pack Of 6,R6#6004,0,shopify,20,deny,manual,2730,,TRUE,TRUE,,,,,R6#6004,https://cdn.shopify.com/s/files/1/0910/2642/4090/files/Rice-scaled.jpg?v=1739952699,2,Gothic Grace - Patex Studios,,,,,,,,,,,,,,,,,,,,,,,,,,,,,,,kg,,,
gothic-grace,,,,,,Pack Of 8,R8#6004,0,shopify,2,deny,manual,3360,,TRUE,TRUE,,,,,R8#6004,,,,,,,,,,,,,,,,,,,,,,,,,,,,,,,,,,kg,,,
sleek-borders-dinner-set,Sleek Borders Dinner Set,Dinnerware Sets,,TRUE,Select Your Serving Size,4 Person serving Dinner Set = 22 PCS,DS4#6001,0,shopify,13,deny,manual,5780,,TRUE,TRUE,,,,,DS4#6001,https://cdn.shopify.com/s/files/1/0910/2642/4090/files/Sleek-Dinner-set-web-size.png?v=1748078701,1,,FALSE,,,5537,,,,,,,,,,,,,,,,,,,,,,,,,,,kg,,,active
sleek-borders-dinner-set,,,,,,6 Person serving Dinner Set = 30 PCS,DS6#6001,0,shopify,15,deny,manual,7880,,TRUE,TRUE,,,,,DS6#6001,https://cdn.shopify.com/s/files/1/0910/2642/4090/files/Layer3-001_44c74a10-f056-40e7-938c-80fb0a60aa79.jpg?v=1748078701,2,,,,,,,,,,,,,,,,,,,,,,,,,,,,,,,,kg,,,
sleek-borders-dinner-set,,,,,,8 Person serving Dinner Set = 43 PCS,DS8#6001,0,shopify,14,deny,manual,10499,,TRUE,TRUE,,,,,DS8#6001,https://cdn.shopify.com/s/files/1/0910/2642/4090/files/IMG_3015.jpg?v=1748078701,3,Sleek Borders Dinner Set - Patex Studios,,,,,,,,,,,,,,,,,,,,,,,,,,,,,,,kg,,,
sleek-borders-dinner-set,,,,,,,,,,,,,,,,,,,,,,https://cdn.shopify.com/s/files/1/0910/2642/4090/files/Layer4.jpg?v=1748078701,4,,,,,,,,,,,,,,,,,,,,,,,,,,,,,,,,,,,
sleek-borders-dinner-set,,,,,,,,,,,,,,,,,,,,,,https://cdn.shopify.com/s/files/1/0910/2642/4090/files/IMG_3013.jpg?v=1748078701,5,Sleek Borders Dinner Set - Patex Studios,,,,,,,,,,,,,,,,,,,,,,,,,,,,,,,,,,
sleek-borders-dinner-set,,,,,,,,,,,,,,,,,,,,,,https://cdn.shopify.com/s/files/1/0910/2642/4090/files/Untitled-1.jpg?v=1748078701,6,,,,,,,,,,,,,,,,,,,,,,,,,,,,,,,,,,,
sleek-borders-dinner-set,,,,,,,,,,,,,,,,,,,,,,https://cdn.shopify.com/s/files/1/0910/2642/4090/files/IMG_3012.jpg?v=1748078701,7,Sleek Borders Dinner Set - Patex Studios,,,,,,,,,,,,,,,,,,,,,,,,,,,,,,,,,,
sleek-borders-dinner-set,,,,,,,,,,,,,,,,,,,,,,https://cdn.shopify.com/s/files/1/0910/2642/4090/files/IMG_3011.jpg?v=1748078701,8,Sleek Borders Dinner Set - Patex Studios,,,,,,,,,,,,,,,,,,,,,,,,,,,,,,,,,,
sleek-borders-dinner-set,,,,,,,,,,,,,,,,,,,,,,https://cdn.shopify.com/s/files/1/0910/2642/4090/files/IMG_3008.jpg?v=1748078701,9,Sleek Borders Dinner Set - Patex Studios,,,,,,,,,,,,,,,,,,,,,,,,,,,,,,,,,,
mystic-fade-dinner-set,Mystic Fade Dinner Set,Dinnerware Sets,,TRUE,Select Your Serving Size,4 Person serving Dinner Set = 22 PCS,DS4#6002,0,shopify,0,deny,manual,5780,,TRUE,TRUE,,,,,DS4#6002,https://cdn.shopify.com/s/files/1/0910/2642/4090/files/Main-Photo-1.jpg?v=1730542265,1,Mystic Fade Dinner Set - Patex Studios,FALSE,,,5537,,,,,,,,,,,,,,,,,,,,,,,,,,https://cdn.shopify.com/s/files/1/0910/2642/4090/files/Main-Photo-1.jpg?v=1730542265,kg,,,active
mystic-fade-dinner-set,,,,,,6 Person serving Dinner Set = 30 PCS,DS6#6002,0,shopify,0,deny,manual,7880,,TRUE,TRUE,,,,,DS6#6002,https://cdn.shopify.com/s/files/1/0910/2642/4090/files/IMG_3006.jpg?v=1730542266,2,Mystic Fade Dinner Set - Patex Studios,,,,,,,,,,,,,,,,,,,,,,,,,,,,,,https://cdn.shopify.com/s/files/1/0910/2642/4090/files/Main-Photo-1.jpg?v=1730542265,kg,,,
mystic-fade-dinner-set,,,,,,8 Person serving Dinner Set = 43 PCS,DS8#6002,0,shopify,0,deny,manual,10499,,TRUE,TRUE,,,,,DS8#6002,https://cdn.shopify.com/s/files/1/0910/2642/4090/files/IMG_3002.jpg?v=1730542266,3,Mystic Fade Dinner Set - Patex Studios,,,,,,,,,,,,,,,,,,,,,,,,,,,,,,https://cdn.shopify.com/s/files/1/0910/2642/4090/files/Main-Photo-1.jpg?v=1730542265,kg,,,
mystic-fade-dinner-set,,,,,,,,,,,,,,,,,,,,,,https://cdn.shopify.com/s/files/1/0910/2642/4090/files/IMG_2992.jpg?v=1730542266,4,Mystic Fade Dinner Set - Patex Studios,,,,,,,,,,,,,,,,,,,,,,,,,,,,,,,,,,
mystic-fade-dinner-set,,,,,,,,,,,,,,,,,,,,,,https://cdn.shopify.com/s/files/1/0910/2642/4090/files/IMG_2990.jpg?v=1730542266,5,Mystic Fade Dinner Set - Patex Studios,,,,,,,,,,,,,,,,,,,,,,,,,,,,,,,,,,
mystic-fade-dinner-set,,,,,,,,,,,,,,,,,,,,,,https://cdn.shopify.com/s/files/1/0910/2642/4090/files/IMG_2987.jpg?v=1730542266,6,Mystic Fade Dinner Set - Patex Studios,,,,,,,,,,,,,,,,,,,,,,,,,,,,,,,,,,
mystic-fade-dinner-set,,,,,,,,,,,,,,,,,,,,,,https://cdn.shopify.com/s/files/1/0910/2642/4090/files/IMG_2986.jpg?v=1730542266,7,Mystic Fade Dinner Set - Patex Studios,,,,,,,,,,,,,,,,,,,,,,,,,,,,,,,,,,
mystic-fade-dinner-set,,,,,,,,,,,,,,,,,,,,,,https://cdn.shopify.com/s/files/1/0910/2642/4090/files/IMG_2980.jpg?v=1730542266,8,Mystic Fade Dinner Set - Patex Studios,,,,,,,,,,,,,,,,,,,,,,,,,,,,,,,,,,
mystic-fade-dinner-set,,,,,,,,,,,,,,,,,,,,,,https://cdn.shopify.com/s/files/1/0910/2642/4090/files/IMG_2972.jpg?v=1730542266,9,Mystic Fade Dinner Set - Patex Studios,,,,,,,,,,,,,,,,,,,,,,,,,,,,,,,,,,
marble-muse-dinner-set,Marble Muse Dinner Set,Dinnerware Sets,,TRUE,Select Your Serving Size,4 Person serving Dinner Set = 22 PCS,DS4#6003,0,shopify,12,deny,manual,5780,,TRUE,TRUE,,,,,DS4#6003,https://cdn.shopify.com/s/files/1/0910/2642/4090/files/lk.jpg?v=1730542236,1,Marble Muse Dinner Set - Patex Studios,FALSE,,,5537,,,,,,,,,,,,,,,,,,,,,,,,,,https://cdn.shopify.com/s/files/1/0910/2642/4090/files/lk.jpg?v=1730542236,kg,,,active
marble-muse-dinner-set,,,,,,6 Person serving Dinner Set = 30 PCS,DS6#6003,0,shopify,0,deny,manual,7880,,TRUE,TRUE,,,,,DS6#6003,https://cdn.shopify.com/s/files/1/0910/2642/4090/files/IMG_3026.jpg?v=1730542236,2,Marble Muse Dinner Set - Patex Studios,,,,,,,,,,,,,,,,,,,,,,,,,,,,,,https://cdn.shopify.com/s/files/1/0910/2642/4090/files/lk.jpg?v=1730542236,kg,,,
marble-muse-dinner-set,,,,,,8 Person serving Dinner Set = 43 PCS,DS8#6003,0,shopify,0,deny,manual,10499,,TRUE,TRUE,,,,,DS8#6003,https://cdn.shopify.com/s/files/1/0910/2642/4090/files/IMG_3025.jpg?v=1730542236,3,Marble Muse Dinner Set - Patex Studios,,,,,,,,,,,,,,,,,,,,,,,,,,,,,,https://cdn.shopify.com/s/files/1/0910/2642/4090/files/lk.jpg?v=1730542236,kg,,,
marble-muse-dinner-set,,,,,,,,,,,,,,,,,,,,,,https://cdn.shopify.com/s/files/1/0910/2642/4090/files/IMG_3023.jpg?v=1730542236,4,Marble Muse Dinner Set - Patex Studios,,,,,,,,,,,,,,,,,,,,,,,,,,,,,,,,,,
marble-muse-dinner-set,,,,,,,,,,,,,,,,,,,,,,https://cdn.shopify.com/s/files/1/0910/2642/4090/files/IMG_3022.jpg?v=1730542236,5,Marble Muse Dinner Set - Patex Studios,,,,,,,,,,,,,,,,,,,,,,,,,,,,,,,,,,
marble-muse-dinner-set,,,,,,,,,,,,,,,,,,,,,,https://cdn.shopify.com/s/files/1/0910/2642/4090/files/IMG_3021.jpg?v=1730542236,6,Marble Muse Dinner Set - Patex Studios,,,,,,,,,,,,,,,,,,,,,,,,,,,,,,,,,,
marble-muse-dinner-set,,,,,,,,,,,,,,,,,,,,,,https://cdn.shopify.com/s/files/1/0910/2642/4090/files/IMG_3019.jpg?v=1730542236,7,Marble Muse Dinner Set - Patex Studios,,,,,,,,,,,,,,,,,,,,,,,,,,,,,,,,,,
marble-muse-dinner-set,,,,,,,,,,,,,,,,,,,,,,https://cdn.shopify.com/s/files/1/0910/2642/4090/files/IMG_3017.jpg?v=1730542236,8,Marble Muse Dinner Set - Patex Studios,,,,,,,,,,,,,,,,,,,,,,,,,,,,,,,,,,
gothic-grace-dinner-set,Gothic Grace Dinner Set,Dinnerware Sets,,TRUE,Select Your Serving Size,4 Person serving Dinner Set = 22 PCS,DS4#6004,0,shopify,3,deny,manual,5780,,TRUE,TRUE,,,,,DS4#6004,https://cdn.shopify.com/s/files/1/0910/2642/4090/files/Main-Photo.jpg?v=1730542211,1,Gothic Grace Dinner Set - Patex Studios,FALSE,,,5537,,,,,,,,,,,,,,,,,,,,,,,,,,https://cdn.shopify.com/s/files/1/0910/2642/4090/files/Main-Photo.jpg?v=1730542211,kg,,,active
gothic-grace-dinner-set,,,,,,6 Person serving Dinner Set = 30 PCS,DS6#6004,0,shopify,0,deny,manual,7880,,TRUE,TRUE,,,,,DS6#6004,https://cdn.shopify.com/s/files/1/0910/2642/4090/files/IMG_3069.jpg?v=1730542211,2,Gothic Grace Dinner Set - Patex Studios,,,,,,,,,,,,,,,,,,,,,,,,,,,,,,https://cdn.shopify.com/s/files/1/0910/2642/4090/files/Main-Photo.jpg?v=1730542211,kg,,,
gothic-grace-dinner-set,,,,,,8 Person serving Dinner Set = 43 PCS,DS8#6004,0,shopify,0,deny,manual,10499,,TRUE,TRUE,,,,,DS8#6004,https://cdn.shopify.com/s/files/1/0910/2642/4090/files/IMG_3067.jpg?v=1730542211,3,Gothic Grace Dinner Set - Patex Studios,,,,,,,,,,,,,,,,,,,,,,,,,,,,,,https://cdn.shopify.com/s/files/1/0910/2642/4090/files/Main-Photo.jpg?v=1730542211,kg,,,
gothic-grace-dinner-set,,,,,,,,,,,,,,,,,,,,,,https://cdn.shopify.com/s/files/1/0910/2642/4090/files/IMG_3066.jpg?v=1730542211,4,Gothic Grace Dinner Set - Patex Studios,,,,,,,,,,,,,,,,,,,,,,,,,,,,,,,,,,
gothic-grace-dinner-set,,,,,,,,,,,,,,,,,,,,,,https://cdn.shopify.com/s/files/1/0910/2642/4090/files/IMG_3064.jpg?v=1730542211,5,Gothic Grace Dinner Set - Patex Studios,,,,,,,,,,,,,,,,,,,,,,,,,,,,,,,,,,
gothic-grace-dinner-set,,,,,,,,,,,,,,,,,,,,,,https://cdn.shopify.com/s/files/1/0910/2642/4090/files/IMG_3063.jpg?v=1730542211,6,Gothic Grace Dinner Set - Patex Studios,,,,,,,,,,,,,,,,,,,,,,,,,,,,,,,,,,
gothic-grace-dinner-set,,,,,,,,,,,,,,,,,,,,,,https://cdn.shopify.com/s/files/1/0910/2642/4090/files/IMG_3062.jpg?v=1730542211,7,Gothic Grace Dinner Set - Patex Studios,,,,,,,,,,,,,,,,,,,,,,,,,,,,,,,,,,
gothic-grace-dinner-set,,,,,,,,,,,,,,,,,,,,,,https://cdn.shopify.com/s/files/1/0910/2642/4090/files/IMG_3056.jpg?v=1730542211,8,Gothic Grace Dinner Set - Patex Studios,,,,,,,,,,,,,,,,,,,,,,,,,,,,,,,,,,
azure-bliss,Azure Bliss Rice Plate,Serving Platters,Our Best Selling Product​,TRUE,Finish,Gloss,R4#5011,0,shopify,15,deny,manual,2099,,TRUE,TRUE,,,,,R4#5011,https://cdn.shopify.com/s/files/1/0910/2642/4090/files/16_cd006b19-deef-4f98-ba6e-150987e73f43.jpg?v=1736583210,1,Azure Bliss - Patex Studios,FALSE,,,3553,,,,,,,,,,,,,,,,,,,,,,azure-bliss-1,,,,https://cdn.shopify.com/s/files/1/0910/2642/4090/files/16_cd006b19-deef-4f98-ba6e-150987e73f43.jpg?v=1736583210,kg,,,active
azure-bliss,,,,,,Gloss,R6#5011,0,shopify,11,deny,manual,2730,,TRUE,TRUE,,,,,R6#5011,https://cdn.shopify.com/s/files/1/0910/2642/4090/files/IMG_0557_bbfc0a4e-93e5-4c4b-8514-693fcd70b830.jpg?v=1736583210,2,Azure Bliss - Patex Studios,,,,,,,,,,,,,,,,,,,,,,,,,,,,,,https://cdn.shopify.com/s/files/1/0910/2642/4090/files/16_cd006b19-deef-4f98-ba6e-150987e73f43.jpg?v=1736583210,kg,,,
azure-bliss,,,,,,Gloss,R8#5011,0,shopify,44,deny,manual,3360,,TRUE,TRUE,,,,,R8#5011,https://cdn.shopify.com/s/files/1/0910/2642/4090/files/17_9a8ff120-d45d-4731-8cd5-9a21a47db6a5.jpg?v=1736583210,3,Azure Bliss - Patex Studios,,,,,,,,,,,,,,,,,,,,,,,,,,,,,,https://cdn.shopify.com/s/files/1/0910/2642/4090/files/16_cd006b19-deef-4f98-ba6e-150987e73f43.jpg?v=1736583210,kg,,,
azure-bliss,,,,,,Matt,RM4#5026,0,shopify,11,deny,manual,2099,,TRUE,TRUE,,,,,,https://cdn.shopify.com/s/files/1/0910/2642/4090/files/IMG_0547_c6562ce7-0af1-461a-82c1-fbfd0c14c5ce.jpg?v=1736583210,4,Azure Bliss - Patex Studios,,,,,,,,,,,,,,,,,,,,,,,,,,,,,,https://cdn.shopify.com/s/files/1/0910/2642/4090/files/17_9a8ff120-d45d-4731-8cd5-9a21a47db6a5.jpg?v=1736583210,kg,,,
azure-bliss,,,,,,Matt,RM6#5026,0,shopify,12,deny,manual,2730,,TRUE,TRUE,,,,,,https://cdn.shopify.com/s/files/1/0910/2642/4090/files/Frame-35009-scaled_3d7a2705-b0c1-42d8-bb02-5d9a8e5a8b54.webp?v=1736583206,5,Azure Bliss - Patex Studios,,,,,,,,,,,,,,,,,,,,,,,,,,,,,,https://cdn.shopify.com/s/files/1/0910/2642/4090/files/17_9a8ff120-d45d-4731-8cd5-9a21a47db6a5.jpg?v=1736583210,kg,,,
azure-bliss,,,,,,Matt,RM8#5026,0,shopify,2,deny,manual,3360,,TRUE,TRUE,,,,,,,,,,,,,,,,,,,,,,,,,,,,,,,,,,,,,,https://cdn.shopify.com/s/files/1/0910/2642/4090/files/17_9a8ff120-d45d-4731-8cd5-9a21a47db6a5.jpg?v=1736583210,kg,,,
azure-bliss-1,Azure Bliss Deep Plate,Serving Platters,,TRUE,Finish,Gloss,D4#5011,0,shopify,15,deny,manual,1580,,TRUE,TRUE,,,,,,https://cdn.shopify.com/s/files/1/0910/2642/4090/files/Layer_3.png?v=1739957628,1,Azure Bliss - Patex Studios,FALSE,,,3553,,,,,,,,,,,,,,,,,,,,,,azure-bliss,,,,,kg,,,active
azure-bliss-1,,,,,,Gloss,D6#5011,0,shopify,15,deny,manual,1890,,TRUE,TRUE,,,,,,https://cdn.shopify.com/s/files/1/0910/2642/4090/files/IMG_0612.jpg?v=1739957628,2,Azure Bliss - Patex Studios,,,,,,,,,,,,,,,,,,,,,,,,,,,,,,,kg,,,
azure-bliss-1,,,,,,Gloss,D8#5011,0,shopify,48,deny,manual,2210,,TRUE,TRUE,,,,,,https://cdn.shopify.com/s/files/1/0910/2642/4090/files/1_cbdfddeb-1c54-4ae0-bfe7-61db3f3c37cc.jpg?v=1739957628,3,Azure Bliss - Patex Studios,,,,,,,,,,,,,,,,,,,,,,,,,,,,,,,kg,,,
azure-bliss-1,,,,,,Matt,DM4#5026,0,shopify,15,deny,manual,1580,,TRUE,TRUE,,,,,D4#5011,https://cdn.shopify.com/s/files/1/0910/2642/4090/files/Frame-35009-scaled_8666f1b0-438f-4b23-aeb1-6173a923f3ec.webp?v=1739957628,4,Azure Bliss - Patex Studios,,,,,,,,,,,,,,,,,,,,,,,,,,,,,,https://cdn.shopify.com/s/files/1/0910/2642/4090/files/1_cbdfddeb-1c54-4ae0-bfe7-61db3f3c37cc.jpg?v=1739957628,kg,,,
azure-bliss-1,,,,,,Matt,DM6#5026,0,shopify,15,deny,manual,1890,,TRUE,TRUE,,,,,D6#5011,,,,,,,,,,,,,,,,,,,,,,,,,,,,,,,,,https://cdn.shopify.com/s/files/1/0910/2642/4090/files/1_cbdfddeb-1c54-4ae0-bfe7-61db3f3c37cc.jpg?v=1739957628,kg,,,
azure-bliss-1,,,,,,Matt,DM8#5026,0,shopify,14,deny,manual,2210,,TRUE,TRUE,,,,,D8#5011,,,,,,,,,,,,,,,,,,,,,,,,,,,,,,,,,https://cdn.shopify.com/s/files/1/0910/2642/4090/files/1_cbdfddeb-1c54-4ae0-bfe7-61db3f3c37cc.jpg?v=1739957628,kg,,,
blue-melamine-open-bowl,Blue Melamine Open Bowls,Bowls,,TRUE,Serving Size,Pack Of 3,OB#4048,0,shopify,0,deny,manual,1260,,TRUE,TRUE,,,,,OB#4048,https://cdn.shopify.com/s/files/1/0910/2642/4090/files/Blue1.png?v=1737702760,1,Blue Melamine Open Bowls - Patex Studios,FALSE,,,3498,,,,,,,,,,,,,,,,,,,,,,,,,,https://cdn.shopify.com/s/files/1/0910/2642/4090/files/IMG_0165.jpg?v=1737702760,kg,,,active
blue-melamine-open-bowl,,,,,,Pack Of 3,OBM#5029,0,shopify,0,deny,manual,1260,,TRUE,TRUE,,,,,,https://cdn.shopify.com/s/files/1/0910/2642/4090/files/Blue2.png?v=1737702760,2,Blue Melamine Open Bowls - Patex Studios,,,,,,,,,,,,,,,,,,,,,,,,,,,,,,https://cdn.shopify.com/s/files/1/0910/2642/4090/files/BOWL1.png?v=1737702760,kg,,,
blue-melamine-open-bowl,,,,,,,,,,,,,,,,,,,,,,https://cdn.shopify.com/s/files/1/0910/2642/4090/files/BOWL1.png?v=1737702760,3,Blue Melamine Open Bowls - Patex Studios,,,,,,,,,,,,,,,,,,,,,,,,,,,,,,,,,,
blue-melamine-open-bowl,,,,,,,,,,,,,,,,,,,,,,https://cdn.shopify.com/s/files/1/0910/2642/4090/files/IMG_0165.jpg?v=1737702760,4,Blue Melamine Open Bowls - Patex Studios,,,,,,,,,,,,,,,,,,,,,,,,,,,,,,,,,,
blue-melamine-open-bowl,,,,,,,,,,,,,,,,,,,,,,https://cdn.shopify.com/s/files/1/0910/2642/4090/files/2332423-scaled.webp?v=1737702760,5,Blue Melamine Open Bowls - Patex Studios,,,,,,,,,,,,,,,,,,,,,,,,,,,,,,,,,,
red-melamine-open-bowls,Red Melamine Open Bowls,Bowls,,TRUE,Serving Size,Pack Of 3,OB#4032,0,shopify,0,deny,manual,1260,,TRUE,TRUE,,,,,OB#4032,https://cdn.shopify.com/s/files/1/0910/2642/4090/files/Red1.png?v=1737702981,1,Red Melamine Open Bowls - Patex Studios,FALSE,,,3498,,,,,,,,,,,,,,,,,,,,,,,,,,https://cdn.shopify.com/s/files/1/0910/2642/4090/files/IMG_0169.jpg?v=1737702981,kg,,,active
red-melamine-open-bowls,,,,,,Pack Of 3,OBM#5026,0,shopify,0,deny,manual,1260,,TRUE,TRUE,,,,,,https://cdn.shopify.com/s/files/1/0910/2642/4090/files/Red2.png?v=1737702981,2,Red Melamine Open Bowls - Patex Studios,,,,,,,,,,,,,,,,,,,,,,,,,,,,,,https://cdn.shopify.com/s/files/1/0910/2642/4090/files/BOWL3.png?v=1737702981,kg,,,
red-melamine-open-bowls,,,,,,,,,,,,,,,,,,,,,,https://cdn.shopify.com/s/files/1/0910/2642/4090/files/BOWL3.png?v=1737702981,3,Red Melamine Open Bowls - Patex Studios,,,,,,,,,,,,,,,,,,,,,,,,,,,,,,,,,,
red-melamine-open-bowls,,,,,,,,,,,,,,,,,,,,,,https://cdn.shopify.com/s/files/1/0910/2642/4090/files/IMG_0169.jpg?v=1737702981,4,Red Melamine Open Bowls - Patex Studios,,,,,,,,,,,,,,,,,,,,,,,,,,,,,,,,,,
red-melamine-open-bowls,,,,,,,,,,,,,,,,,,,,,,https://cdn.shopify.com/s/files/1/0910/2642/4090/files/Frame-35001-scaled.webp?v=1737702981,5,Red Melamine Open Bowls - Patex Studios,,,,,,,,,,,,,,,,,,,,,,,,,,,,,,,,,,
red-melamine-open-bowls,,,,,,,,,,,,,,,,,,,,,,https://cdn.shopify.com/s/files/1/0910/2642/4090/files/IMG_0156.jpg?v=1737702981,6,Red Melamine Open Bowls - Patex Studios,,,,,,,,,,,,,,,,,,,,,,,,,,,,,,,,,,
red-melamine-open-bowls,,,,,,,,,,,,,,,,,,,,,,https://cdn.shopify.com/s/files/1/0910/2642/4090/files/IMG_0158.jpg?v=1737702981,7,Red Melamine Open Bowls - Patex Studios,,,,,,,,,,,,,,,,,,,,,,,,,,,,,,,,,,
black-melamine-open-bowls,Black Melamine Open Bowls,Bowls,,TRUE,Serving Size,Pack Of 3,OB#4046,0,shopify,4,deny,manual,1260,,TRUE,TRUE,,,,,OB#4046,https://cdn.shopify.com/s/files/1/0910/2642/4090/files/Black1.png?v=1737703139,1,Black Melamine Open Bowls - Patex Studios,FALSE,,,3498,,,,,,,,,,,,,,,,,,,,,,,,,,https://cdn.shopify.com/s/files/1/0910/2642/4090/files/IMG_0167.jpg?v=1737703139,kg,,,active
black-melamine-open-bowls,,,,,,Pack Of 3,OBM#5025,0,shopify,0,deny,manual,1260,,TRUE,TRUE,,,,,,https://cdn.shopify.com/s/files/1/0910/2642/4090/files/Black2.png?v=1737703139,2,Black Melamine Open Bowls - Patex Studios,,,,,,,,,,,,,,,,,,,,,,,,,,,,,,https://cdn.shopify.com/s/files/1/0910/2642/4090/files/Black1.png?v=1737703139,kg,,,
black-melamine-open-bowls,,,,,,,,,,,,,,,,,,,,,,https://cdn.shopify.com/s/files/1/0910/2642/4090/files/BOWL2.png?v=1737703139,3,Black Melamine Open Bowls - Patex Studios,,,,,,,,,,,,,,,,,,,,,,,,,,,,,,,,,,
black-melamine-open-bowls,,,,,,,,,,,,,,,,,,,,,,https://cdn.shopify.com/s/files/1/0910/2642/4090/files/IMG_0167.jpg?v=1737703139,4,Black Melamine Open Bowls - Patex Studios,,,,,,,,,,,,,,,,,,,,,,,,,,,,,,,,,,
black-melamine-open-bowls,,,,,,,,,,,,,,,,,,,,,,https://cdn.shopify.com/s/files/1/0910/2642/4090/files/Frame-35000-scaled.webp?v=1737703139,5,Black Melamine Open Bowls - Patex Studios,,,,,,,,,,,,,,,,,,,,,,,,,,,,,,,,,,
black-sweet-bowls,Black Sweet Bowls,Bowls,,TRUE,Serving Size,Pack Of 6,SB#4029,0,shopify,1,deny,manual,1320,,TRUE,TRUE,,,,,SB#4029,https://cdn.shopify.com/s/files/1/0910/2642/4090/files/Frame-355041380-1.png?v=1730542121,1,Black Sweet Bowls - Patex Studios,FALSE,,,3498,,,,,,,,,,,,,,,,,,,,,,,,,,,kg,,,active
black-melamine-dinner-set,Black Melamine Dinner Set,Dinnerware Sets,,TRUE,Select Your Serving Size,4 Person serving Dinner Set = 22 PCS,DS4#4029,0,shopify,1,deny,manual,5780,,TRUE,TRUE,,,,,DS4#4029,https://cdn.shopify.com/s/files/1/0910/2642/4090/files/A.png?v=1730542111,1,Black Melamine Dinner Set - Patex Studios,FALSE,,,5537,,,,,,,,,,,,,,,,,,,,,,,,,,https://cdn.shopify.com/s/files/1/0910/2642/4090/files/A.png?v=1730542111,kg,,,active
black-melamine-dinner-set,,,,,,6 Person serving Dinner Set = 30 PCS,DS6#4029,0,shopify,10,deny,manual,7880,,TRUE,TRUE,,,,,DS6#4029,https://cdn.shopify.com/s/files/1/0910/2642/4090/files/IMG_7898.jpg?v=1730542112,2,Black Melamine Dinner Set - Patex Studios,,,,,,,,,,,,,,,,,,,,,,,,,,,,,,https://cdn.shopify.com/s/files/1/0910/2642/4090/files/A.png?v=1730542111,kg,,,
black-melamine-dinner-set,,,,,,8 Person serving Dinner Set = 43 PCS,DS8#4029,0,shopify,11,deny,manual,10499,,TRUE,TRUE,,,,,DS8#4029,https://cdn.shopify.com/s/files/1/0910/2642/4090/files/IMG_7896.jpg?v=1730542112,3,Black Melamine Dinner Set - Patex Studios,,,,,,,,,,,,,,,,,,,,,,,,,,,,,,https://cdn.shopify.com/s/files/1/0910/2642/4090/files/A.png?v=1730542111,kg,,,
black-melamine-dinner-set,,,,,,,,,,,,,,,,,,,,,,https://cdn.shopify.com/s/files/1/0910/2642/4090/files/IMG_7895.jpg?v=1730542112,4,Black Melamine Dinner Set - Patex Studios,,,,,,,,,,,,,,,,,,,,,,,,,,,,,,,,,,
black-melamine-dinner-set,,,,,,,,,,,,,,,,,,,,,,https://cdn.shopify.com/s/files/1/0910/2642/4090/files/IMG_7894.jpg?v=1730542112,5,Black Melamine Dinner Set - Patex Studios,,,,,,,,,,,,,,,,,,,,,,,,,,,,,,,,,,
black-melamine-dinner-set,,,,,,,,,,,,,,,,,,,,,,https://cdn.shopify.com/s/files/1/0910/2642/4090/files/IMG_7899.jpg?v=1730542112,6,Black Melamine Dinner Set - Patex Studios,,,,,,,,,,,,,,,,,,,,,,,,,,,,,,,,,,
black-melamine-dinner-set,,,,,,,,,,,,,,,,,,,,,,https://cdn.shopify.com/s/files/1/0910/2642/4090/files/IMG_7915.jpg?v=1730542112,7,Black Melamine Dinner Set - Patex Studios,,,,,,,,,,,,,,,,,,,,,,,,,,,,,,,,,,
blue-melamine-sweet-bowls-set-of-6-pieces,Blue Sweet Bowls,Bowls,,TRUE,Serving Size,Pack Of 6,SB#4048,0,shopify,0,deny,manual,1320,,TRUE,TRUE,,,,,SB#4048,https://cdn.shopify.com/s/files/1/0910/2642/4090/files/Frame-355041379-1.png?v=1730542090,1,Blue Sweet Bowls - Patex Studios,FALSE,,,3498,,,,,,,,,,,,,,,,,,,,,,,,,,,kg,,,active
blue-melamine-sweet-bowls-set-of-6-pieces,,,,,,,,,,,,,,,,,,,,,,https://cdn.shopify.com/s/files/1/0910/2642/4090/files/wefwe-1.jpg?v=1730542090,2,Blue Sweet Bowls - Patex Studios,,,,,,,,,,,,,,,,,,,,,,,,,,,,,,,,,,
red-melamine-dessert-bowl-set-of-6,Red Sweet Bowls,Bowls,,TRUE,Serving Size,Pack Of 6,SB#4032,0,shopify,14,deny,manual,1320,,TRUE,TRUE,,,,,SB#4032,https://cdn.shopify.com/s/files/1/0910/2642/4090/files/Frame-355041378-1.png?v=1730542077,1,Red Sweet Bowls - Patex Studios,FALSE,,,3498,,,,,,,,,,,,,,,,,,,,,,,,,,,kg,,,active
vibrant-bouquet-2,Vibrant Bouquet Rice Plate,Serving Platters,New Arrivals,TRUE,Select Your Serving Size,Pack Of 4,R4#5009,0,shopify,10,deny,manual,2099,0,TRUE,TRUE,,,,,R4#5009,https://cdn.shopify.com/s/files/1/0910/2642/4090/files/A-12-min.png?v=1739952397,1,Vibrant Bouquet - Patex Studios,FALSE,,,3802,,,,,,,,,,,,,,,,,,,,,,vibrant-bouquet,,,,,kg,,,active
vibrant-bouquet-2,,,,,,Pack Of 6,R6#5009,0,shopify,24,deny,manual,2730,0,TRUE,TRUE,,,,,R6#5009,https://cdn.shopify.com/s/files/1/0910/2642/4090/files/Vibrant-Bouquet-1.webp?v=1739952397,2,Vibrant Bouquet - Patex Studios,,,,,,,,,,,,,,,,,,,,,,,,,,,,,,,kg,,,
vibrant-bouquet-2,,,,,,Pack Of 8,R8#5009,0,shopify,14,deny,manual,3360,0,TRUE,TRUE,,,,,R8#5009,https://cdn.shopify.com/s/files/1/0910/2642/4090/files/Vibrant-Bouquet-2-1.webp?v=1739952397,3,Vibrant Bouquet - Patex Studios,,,,,,,,,,,,,,,,,,,,,,,,,,,,,,,kg,,,
vibrant-bouquet-2,,,,,,,,,,,,,,,,,,,,,,https://cdn.shopify.com/s/files/1/0910/2642/4090/files/Frame-35009-scaled_ef0919b1-4f8e-4f47-a5a1-92c4e3c56ae3.webp?v=1739952397,4,Vibrant Bouquet - Patex Studios,,,,,,,,,,,,,,,,,,,,,,,,,,,,,,,,,,
vibrant-bouquet,Vibrant Bouquet Deep Plate,Serving Platters,,TRUE,Select Your Serving Size,Pack Of 4,D4#5009,0,shopify,13,deny,manual,1580,0,TRUE,TRUE,,,,,D#5009,https://cdn.shopify.com/s/files/1/0910/2642/4090/files/A-12-min-1.png?v=1739957499,1,Vibrant Bouquet - Patex Studios,FALSE,,,3802,,,,,,,,,,,,,,,,,,,,,,vibrant-bouquet-2,,,,,kg,,,active
vibrant-bouquet,,,,,,Pack Of 6,D6#5009,0,shopify,31,deny,manual,1890,0,TRUE,TRUE,,,,,D#5009,https://cdn.shopify.com/s/files/1/0910/2642/4090/files/Vibrant-Bouquet.webp?v=1739957499,2,Vibrant Bouquet - Patex Studios,,,,,,,,,,,,,,,,,,,,,,,,,,,,,,,kg,,,
vibrant-bouquet,,,,,,Pack Of 8,D8#5009,0,shopify,10,deny,manual,2210,0,TRUE,TRUE,,,,,D#5009,https://cdn.shopify.com/s/files/1/0910/2642/4090/files/Vibrant-Bouquet-2.webp?v=1739957499,3,Vibrant Bouquet - Patex Studios,,,,,,,,,,,,,,,,,,,,,,,,,,,,,,,kg,,,
vibrant-bouquet,,,,,,,,,,,,,,,,,,,,,,https://cdn.shopify.com/s/files/1/0910/2642/4090/files/Frame-35009-scaled_51b7e4d8-d330-450c-bb47-ec4079299436.webp?v=1739957499,4,Vibrant Bouquet - Patex Studios,,,,,,,,,,,,,,,,,,,,,,,,,,,,,,,,,,
sunset-serenity,Sunset Serenity Deep Plate,Serving Platters,New Arrivals,TRUE,Select Your Serving Size,Pack Of 4,D4#4013,0,shopify,24,deny,manual,1580,0,TRUE,TRUE,,,,,D4#4013,https://cdn.shopify.com/s/files/1/0910/2642/4090/files/A-19-min-1.png?v=1739957398,1,Sunset Serenity - Patex Studios,FALSE,,,3802,,,,,,,,,,,,,,,,,,,,,,sunset-serenity-2,,,,,kg,,,active
sunset-serenity,,,,,,Pack Of 6,D6#4013,0,shopify,10,deny,manual,1890,0,TRUE,TRUE,,,,,D6#4013,https://cdn.shopify.com/s/files/1/0910/2642/4090/files/e71efd3c18514d8688c143715db76036.webp?v=1739957398,2,Sunset Serenity - Patex Studios,,,,,,,,,,,,,,,,,,,,,,,,,,,,,,,kg,,,
sunset-serenity,,,,,,Pack Of 8,D8#4013,0,shopify,10,deny,manual,2210,0,TRUE,TRUE,,,,,D8#4013,https://cdn.shopify.com/s/files/1/0910/2642/4090/files/Sunset-Serenity-_2.webp?v=1739957398,3,Sunset Serenity - Patex Studios,,,,,,,,,,,,,,,,,,,,,,,,,,,,,,,kg,,,
sunset-serenity,,,,,,,,,,,,,,,,,,,,,,https://cdn.shopify.com/s/files/1/0910/2642/4090/files/Frame-34708_b723270a-dd4f-490f-a867-4abb1db7ac62.webp?v=1739957398,4,Sunset Serenity - Patex Studios,,,,,,,,,,,,,,,,,,,,,,,,,,,,,,,,,,
sunset-serenity-2,Sunset Serenity Rice Plate,Serving Platters,New Arrivals,TRUE,Select Your Serving Size,Pack Of 4,R4#4013,0,shopify,10,deny,manual,2099,0,TRUE,TRUE,,,,,R4#4013,https://cdn.shopify.com/s/files/1/0910/2642/4090/files/A-19-min.png?v=1739952348,1,Sunset Serenity - Patex Studios,FALSE,,,3802,,,,,,,,,,,,,,,,,,,,,,sunset-serenity,,,,,kg,,,active
sunset-serenity-2,,,,,,Pack Of 6,R6#4013,0,shopify,10,deny,manual,2730,0,TRUE,TRUE,,,,,R6#4013,https://cdn.shopify.com/s/files/1/0910/2642/4090/files/Sunset-Serenity-3.webp?v=1739952348,2,Sunset Serenity - Patex Studios,,,,,,,,,,,,,,,,,,,,,,,,,,,,,,,kg,,,
sunset-serenity-2,,,,,,Pack Of 8,R8#4013,0,shopify,10,deny,manual,3360,0,TRUE,TRUE,,,,,R8#4013,https://cdn.shopify.com/s/files/1/0910/2642/4090/files/Sunset-Serenity-1.webp?v=1739952348,3,Sunset Serenity - Patex Studios,,,,,,,,,,,,,,,,,,,,,,,,,,,,,,,kg,,,
sunset-serenity-2,,,,,,,,,,,,,,,,,,,,,,https://cdn.shopify.com/s/files/1/0910/2642/4090/files/Sunset-Serenity-2.webp?v=1739952348,4,Sunset Serenity - Patex Studios,,,,,,,,,,,,,,,,,,,,,,,,,,,,,,,,,,
sunset-serenity-2,,,,,,,,,,,,,,,,,,,,,,https://cdn.shopify.com/s/files/1/0910/2642/4090/files/Frame-35009-scaled_e6c29bdd-cb5d-4476-b2e4-e6f693795fe0.webp?v=1739952348,5,Sunset Serenity - Patex Studios,,,,,,,,,,,,,,,,,,,,,,,,,,,,,,,,,,
subtle-bloom-2,Subtle Bloom Rice Plate,Serving Platters,New Arrivals,TRUE,Select Your Serving Size,Pack Of 4,R4#4015,0,shopify,20,deny,manual,2099,0,TRUE,TRUE,,,,,R4#4015,https://cdn.shopify.com/s/files/1/0910/2642/4090/files/A-15-min.png?v=1739952306,1,Subtle Bloom - Patex Studios,FALSE,,,3802,,,,,,,,,,,,,,,,,,,,,,floral-whisper,,,,,kg,,,active
subtle-bloom-2,,,,,,Pack Of 6,R6#4015,0,shopify,10,deny,manual,2730,0,TRUE,TRUE,,,,,R6#4015,https://cdn.shopify.com/s/files/1/0910/2642/4090/files/Subtle-Bloom-2-1.webp?v=1739952306,2,Subtle Bloom - Patex Studios,,,,,,,,,,,,,,,,,,,,,,,,,,,,,,,kg,,,
subtle-bloom-2,,,,,,Pack Of 8,R8#4015,0,shopify,10,deny,manual,3360,0,TRUE,TRUE,,,,,R8#4015,https://cdn.shopify.com/s/files/1/0910/2642/4090/files/Subtle-Bloom-1.webp?v=1739952306,3,Subtle Bloom - Patex Studios,,,,,,,,,,,,,,,,,,,,,,,,,,,,,,,kg,,,
subtle-bloom-2,,,,,,,,,,,,,,,,,,,,,,https://cdn.shopify.com/s/files/1/0910/2642/4090/files/Frame-35009-scaled_69ccd2f4-ef62-4285-a18e-b784250bcb5a.webp?v=1739952306,4,Subtle Bloom - Patex Studios,,,,,,,,,,,,,,,,,,,,,,,,,,,,,,,,,,
subtle-bloom,Subtle Bloom Deep Plate,Serving Platters,New Arrivals,TRUE,Select Your Serving Size,Pack Of 4,D4#4015,0,shopify,19,deny,manual,1580,0,TRUE,TRUE,,,,,D4#4015,https://cdn.shopify.com/s/files/1/0910/2642/4090/files/A-15-min-2.png?v=1739957342,1,Subtle Bloom - Patex Studios,FALSE,,,3802,,,,,,,,,,,,,,,,,,,,,,floral-whisper-2,,,,,kg,,,active
subtle-bloom,,,,,,Pack Of 6,D6#4015,0,shopify,18,deny,manual,1890,0,TRUE,TRUE,,,,,D6#4015,https://cdn.shopify.com/s/files/1/0910/2642/4090/files/Subtle-Bloom.webp?v=1739957342,2,Subtle Bloom - Patex Studios,,,,,,,,,,,,,,,,,,,,,,,,,,,,,,,kg,,,
subtle-bloom,,,,,,Pack Of 8,D8#4015,0,shopify,19,deny,manual,2210,0,TRUE,TRUE,,,,,D8#4015,https://cdn.shopify.com/s/files/1/0910/2642/4090/files/Subtle-Bloom-2.webp?v=1739957342,3,Subtle Bloom - Patex Studios,,,,,,,,,,,,,,,,,,,,,,,,,,,,,,,kg,,,
subtle-bloom,,,,,,,,,,,,,,,,,,,,,,https://cdn.shopify.com/s/files/1/0910/2642/4090/files/Subtle-Bloom-3.webp?v=1739957342,4,Subtle Bloom - Patex Studios,,,,,,,,,,,,,,,,,,,,,,,,,,,,,,,,,,
subtle-bloom,,,,,,,,,,,,,,,,,,,,,,https://cdn.shopify.com/s/files/1/0910/2642/4090/files/Frame-34708_7c429277-5c2f-4712-8661-d6757a818169.webp?v=1739957342,5,Subtle Bloom - Patex Studios,,,,,,,,,,,,,,,,,,,,,,,,,,,,,,,,,,
floral-essence,Floral Essence Deep Plate,Serving Platters,New Arrivals,TRUE,Select Your Serving Size,Pack Of 4,D4#4014,0,shopify,21,deny,manual,1580,0,TRUE,TRUE,,,,,D4#4014,https://cdn.shopify.com/s/files/1/0910/2642/4090/files/A-14-min-1.png?v=1739957266,1,Floral Essence - Patex Studios,FALSE,,,3802,,,,,,,,,,,,,,,,,,,,,,floral-essence-2,,,,,kg,,,active
floral-essence,,,,,,Pack Of 6,D6#4014,0,shopify,20,deny,manual,1890,0,TRUE,TRUE,,,,,D6#4014,https://cdn.shopify.com/s/files/1/0910/2642/4090/files/Floral-Essence-2.webp?v=1739957266,2,Floral Essence - Patex Studios,,,,,,,,,,,,,,,,,,,,,,,,,,,,,,,kg,,,
floral-essence,,,,,,Pack Of 8,D8#4014,0,shopify,21,deny,manual,2210,0,TRUE,TRUE,,,,,D8#4014,https://cdn.shopify.com/s/files/1/0910/2642/4090/files/Floral-Essence.webp?v=1739957266,3,Floral Essence - Patex Studios,,,,,,,,,,,,,,,,,,,,,,,,,,,,,,,kg,,,
floral-essence,,,,,,,,,,,,,,,,,,,,,,https://cdn.shopify.com/s/files/1/0910/2642/4090/files/Frame-34708_953344c7-1dcd-475d-91c9-aa229449b696.webp?v=1739957266,4,Floral Essence - Patex Studios,,,,,,,,,,,,,,,,,,,,,,,,,,,,,,,,,,
floral-essence-2,Floral Essence Rice Plate,Serving Platters,New Arrivals,TRUE,Select Your Serving Size,Pack Of 4,R4#4014,0,shopify,19,deny,manual,2099,0,TRUE,TRUE,,,,,R4#4014,https://cdn.shopify.com/s/files/1/0910/2642/4090/files/A-14-min.png?v=1739952261,1,Floral Essence - Patex Studios,FALSE,,,3802,,,,,,,,,,,,,,,,,,,,,,floral-essence,,,,,kg,,,active
floral-essence-2,,,,,,Pack Of 6,R6#4014,0,shopify,19,deny,manual,2730,0,TRUE,TRUE,,,,,R6#4014,https://cdn.shopify.com/s/files/1/0910/2642/4090/files/Floral-Essence-1.webp?v=1739952261,2,Floral Essence - Patex Studios,,,,,,,,,,,,,,,,,,,,,,,,,,,,,,,kg,,,
floral-essence-2,,,,,,Pack Of 8,R8#4014,0,shopify,19,deny,manual,3360,0,TRUE,TRUE,,,,,R8#4014,https://cdn.shopify.com/s/files/1/0910/2642/4090/files/Frame-35009-scaled_ab27625a-fad4-4472-a487-aa6ba0bbf71f.webp?v=1739952261,3,Floral Essence - Patex Studios,,,,,,,,,,,,,,,,,,,,,,,,,,,,,,,kg,,,
sleek-borders,Sleek Borders Deep Plate,Serving Platters,New Arrivals,TRUE,Select Your Serving Size,Pack Of 4,D4#4012,0,shopify,9,deny,manual,1580,,TRUE,TRUE,,,,,D4#4012,https://cdn.shopify.com/s/files/1/0910/2642/4090/files/Sleek-Borders-Deep.png?v=1748078826,1,,FALSE,,,3802,,,,,,,,,,,,,,,,,,,,,,sleek-borders-pack-of-6,,,,,kg,,,active
sleek-borders,,,,,,Pack Of 6,D6#4012,0,shopify,12,deny,manual,1890,,TRUE,TRUE,,,,,D6#4012,https://cdn.shopify.com/s/files/1/0910/2642/4090/files/Sleek-Borders.webp?v=1748078826,2,Sleek Borders - Patex Studios,,,,,,,,,,,,,,,,,,,,,,,,,,,,,,,kg,,,
sleek-borders,,,,,,Pack Of 8,D8#4012,0,shopify,15,deny,manual,2210,,TRUE,TRUE,,,,,D8#4012,https://cdn.shopify.com/s/files/1/0910/2642/4090/files/Sleek-Borders-2.webp?v=1748078826,3,Sleek Borders - Patex Studios,,,,,,,,,,,,,,,,,,,,,,,,,,,,,,,kg,,,
sleek-borders,,,,,,,,,,,,,,,,,,,,,,https://cdn.shopify.com/s/files/1/0910/2642/4090/files/Frame-34708_e66fe6f0-9047-45df-ba4a-37ba5dcec481.webp?v=1748078826,4,Sleek Borders - Patex Studios,,,,,,,,,,,,,,,,,,,,,,,,,,,,,,,,,,
sleek-borders-pack-of-6,Sleek Borders Rice Plate,Serving Platters,,TRUE,Select Your Serving Size,Pack Of 4,R4#4012,0,shopify,8,deny,manual,2099,,TRUE,TRUE,,,,,R4#4012,https://cdn.shopify.com/s/files/1/0910/2642/4090/files/Sleek-Borders-Rice_97cf30b9-54fb-4a05-a701-53b2353d7193.png?v=1748078859,1,,FALSE,,,3802,,,,,,,,,,,,,,,,,,,,,,sleek-borders,,,,,kg,,,active
sleek-borders-pack-of-6,,,,,,Pack Of 6,R6#4012,0,shopify,17,deny,manual,2730,,TRUE,TRUE,,,,,R6#4012,https://cdn.shopify.com/s/files/1/0910/2642/4090/files/Sleek-Borders-1.webp?v=1748078859,2,Sleek Borders - Patex Studios,,,,,,,,,,,,,,,,,,,,,,,,,,,,,,,kg,,,
sleek-borders-pack-of-6,,,,,,Pack Of 8,R8#4012,0,shopify,15,deny,manual,3360,,TRUE,TRUE,,,,,R8#4012,https://cdn.shopify.com/s/files/1/0910/2642/4090/files/Sleek-Borders-3.webp?v=1748078859,3,Sleek Borders - Patex Studios,,,,,,,,,,,,,,,,,,,,,,,,,,,,,,,kg,,,
sleek-borders-pack-of-6,,,,,,,,,,,,,,,,,,,,,,https://cdn.shopify.com/s/files/1/0910/2642/4090/files/Sleek-Borders-2-1.webp?v=1748078859,4,Sleek Borders - Patex Studios,,,,,,,,,,,,,,,,,,,,,,,,,,,,,,,,,,
sleek-borders-pack-of-6,,,,,,,,,,,,,,,,,,,,,,https://cdn.shopify.com/s/files/1/0910/2642/4090/files/Frame-35009-scaled_932f2268-6f38-4477-9fa5-01ffa76c1ebc.webp?v=1748078859,5,Sleek Borders - Patex Studios,,,,,,,,,,,,,,,,,,,,,,,,,,,,,,,,,,
monochrome-grace-2,Monochrome Grace Rice Plate,Serving Platters,,TRUE,Select Your Serving Size,Pack Of 4,R4#5014,0,shopify,29,deny,manual,2099,,TRUE,TRUE,,,,,R4#5014,https://cdn.shopify.com/s/files/1/0910/2642/4090/files/A-02_97612318-f9ec-4f7a-8520-2b36285aaab5.png?v=1739952148,1,Monochrome Grace - Patex Studios,FALSE,,,3802,,,,,,,,,,,,,,,,,,,,,,monochrome-grace,,,,,kg,,,active
monochrome-grace-2,,,,,,Pack Of 6,R6#5014,0,shopify,27,deny,manual,2730,,TRUE,TRUE,,,,,R6#5014,https://cdn.shopify.com/s/files/1/0910/2642/4090/files/Monochrome-Grace-1.webp?v=1739952148,2,Monochrome Grace - Patex Studios,,,,,,,,,,,,,,,,,,,,,,,,,,,,,,,kg,,,
monochrome-grace-2,,,,,,Pack Of 8,R8#5014,0,shopify,26,deny,manual,3360,,TRUE,TRUE,,,,,R83#5014,https://cdn.shopify.com/s/files/1/0910/2642/4090/files/Monochrome-Grace-2-1.webp?v=1739952148,3,Monochrome Grace - Patex Studios,,,,,,,,,,,,,,,,,,,,,,,,,,,,,,,kg,,,
monochrome-grace-2,,,,,,,,,,,,,,,,,,,,,,https://cdn.shopify.com/s/files/1/0910/2642/4090/files/Frame-35009-scaled_e123bda3-282d-4908-85b7-3f15e713e5d2.webp?v=1739952148,4,Monochrome Grace - Patex Studios,,,,,,,,,,,,,,,,,,,,,,,,,,,,,,,,,,
monochrome-grace,Monochrome Grace Deep Plate,Serving Platters,,TRUE,Select Your Serving Size,Pack Of 4,D4#5014,0,shopify,30,deny,manual,1580,,TRUE,TRUE,,,,,D4#5014,https://cdn.shopify.com/s/files/1/0910/2642/4090/files/A-02.png?v=1739957176,1,Monochrome Grace - Patex Studios,FALSE,,,3553,,,,,,,,,,,,,,,,,,,,,,monochrome-grace-2,,,,,kg,,,active
monochrome-grace,,,,,,Pack Of 6,D6#5014,0,shopify,28,deny,manual,1890,,TRUE,TRUE,,,,,D6#5014,https://cdn.shopify.com/s/files/1/0910/2642/4090/files/Monochrome-Grace.webp?v=1739957176,2,Monochrome Grace - Patex Studios,,,,,,,,,,,,,,,,,,,,,,,,,,,,,,,kg,,,
monochrome-grace,,,,,,Pack Of 8,D8#5014,0,shopify,27,deny,manual,2210,,TRUE,TRUE,,,,,D8#5014,https://cdn.shopify.com/s/files/1/0910/2642/4090/files/Monochrome-Grace-3.webp?v=1739957176,3,Monochrome Grace - Patex Studios,,,,,,,,,,,,,,,,,,,,,,,,,,,,,,,kg,,,
monochrome-grace,,,,,,,,,,,,,,,,,,,,,,https://cdn.shopify.com/s/files/1/0910/2642/4090/files/Monochrome-Grace-2.webp?v=1739957176,4,Monochrome Grace - Patex Studios,,,,,,,,,,,,,,,,,,,,,,,,,,,,,,,,,,
monochrome-grace,,,,,,,,,,,,,,,,,,,,,,https://cdn.shopify.com/s/files/1/0910/2642/4090/files/Frame-34708_7facaf15-996e-479e-8e2a-2b995a3f7ee9.webp?v=1739957176,5,Monochrome Grace - Patex Studios,,,,,,,,,,,,,,,,,,,,,,,,,,,,,,,,,,
azure-blossom-2,Azure Blossom Rice Plate,Serving Platters,,TRUE,Finish,Gloss,R4#5010,0,shopify,15,deny,manual,2099,,TRUE,TRUE,,,,,,https://cdn.shopify.com/s/files/1/0910/2642/4090/files/10_525f5a65-378b-4e9e-9ae0-2c1deb3308c5.png?v=1739952086,1,Azure Blossom - Patex Studios,FALSE,,,3802,,,,,,,,,,,,,,,,,,,,,,azure-blossom,,,,,kg,,,active
azure-blossom-2,,,,,,Gloss,R6#5010,0,shopify,14,deny,manual,2730,,TRUE,TRUE,,,,,,https://cdn.shopify.com/s/files/1/0910/2642/4090/files/Copy_of_IMG_0569.jpg?v=1739952086,2,Azure Blossom - Patex Studios,,,,,,,,,,,,,,,,,,,,,,,,,,,,,,,kg,,,
azure-blossom-2,,,,,,Gloss,R8#5010,0,shopify,15,deny,manual,3360,,TRUE,TRUE,,,,,,https://cdn.shopify.com/s/files/1/0910/2642/4090/files/IMG_0554.jpg?v=1753426381,3,Azure Blossom - Patex Studios,,,,,,,,,,,,,,,,,,,,,,,,,,,,,,,kg,,,
azure-blossom-2,,,,,,Matt,RM4#5025,0,shopify,15,deny,manual,2099,,TRUE,TRUE,,,,,R4#5010,https://cdn.shopify.com/s/files/1/0910/2642/4090/files/Frame-35009-scaled_6f4fbd53-a063-43c8-bab6-ca466889f7a9.webp?v=1753426381,4,Azure Blossom - Patex Studios,,,,,,,,,,,,,,,,,,,,,,,,,,,,,,,kg,,,
azure-blossom-2,,,,,,Matt,RM6#5025,0,shopify,15,deny,manual,2730,,TRUE,TRUE,,,,,R6#5010,,,,,,,,,,,,,,,,,,,,,,,,,,,,,,,,,,kg,,,
azure-blossom-2,,,,,,Matt,RM8#5025,0,shopify,15,deny,manual,3360,,TRUE,TRUE,,,,,R8#5010,,,,,,,,,,,,,,,,,,,,,,,,,,,,,,,,,,kg,,,
azure-blossom,Azure Blossom Deep Plate,Serving Platters,,TRUE,Finish,Gloss,D4#5010,0,shopify,15,deny,manual,1580,,TRUE,TRUE,,,,,,https://cdn.shopify.com/s/files/1/0910/2642/4090/files/Layer_10.png?v=1739957128,1,Azure Blossom - Patex Studios,FALSE,,,3802,,,,,,,,,,,,,,,,,,,,,,azure-blossom-2,,,,,kg,,,active
azure-blossom,,,,,,Gloss,D6#5010,0,shopify,14,deny,manual,1890,,TRUE,TRUE,,,,,,https://cdn.shopify.com/s/files/1/0910/2642/4090/files/IMG_0613.jpg?v=1739957128,2,Azure Blossom - Patex Studios,,,,,,,,,,,,,,,,,,,,,,,,,,,,,,,kg,,,
azure-blossom,,,,,,Gloss,D8#5010,0,shopify,15,deny,manual,2210,,TRUE,TRUE,,,,,,https://cdn.shopify.com/s/files/1/0910/2642/4090/files/8_abff807c-1b19-4cc4-8902-837dda7b7e27.jpg?v=1739957128,3,Azure Blossom - Patex Studios,,,,,,,,,,,,,,,,,,,,,,,,,,,,,,,kg,,,
azure-blossom,,,,,,Matt,DM4#5025,0,shopify,15,deny,manual,1580,,TRUE,TRUE,,,,,D4#5010,https://cdn.shopify.com/s/files/1/0910/2642/4090/files/IMG_0548.jpg?v=1739957128,4,Azure Blossom - Patex Studios,,,,,,,,,,,,,,,,,,,,,,,,,,,,,,https://cdn.shopify.com/s/files/1/0910/2642/4090/files/8_abff807c-1b19-4cc4-8902-837dda7b7e27.jpg?v=1739957128,kg,,,
azure-blossom,,,,,,Matt,DM6#5025,0,shopify,15,deny,manual,1890,,TRUE,TRUE,,,,,D6#5010,https://cdn.shopify.com/s/files/1/0910/2642/4090/files/Frame-34708_a9841c54-3e31-439e-814a-5420b864c063.webp?v=1739957128,5,Azure Blossom - Patex Studios,,,,,,,,,,,,,,,,,,,,,,,,,,,,,,https://cdn.shopify.com/s/files/1/0910/2642/4090/files/8_abff807c-1b19-4cc4-8902-837dda7b7e27.jpg?v=1739957128,kg,,,
azure-blossom,,,,,,Matt,DM8#5025,0,shopify,15,deny,manual,2210,,TRUE,TRUE,,,,,D8#5010,,,,,,,,,,,,,,,,,,,,,,,,,,,,,,,,,https://cdn.shopify.com/s/files/1/0910/2642/4090/files/8_abff807c-1b19-4cc4-8902-837dda7b7e27.jpg?v=1739957128,kg,,,
nightfall-blossom-1,Nightfall Blossom Rice Plate,Serving Platters,,TRUE,Finish,Gloss,R4#5016,0,shopify,15,deny,manual,2099,,TRUE,TRUE,,,,,,https://cdn.shopify.com/s/files/1/0910/2642/4090/files/14_0f314f99-0194-491d-9a0b-507dc4c45793.jpg?v=1736583030,1,Nightfall Blossom - Patex Studios,FALSE,,,3802,,,,,,,,,,,,,,,,,,,,,,nightfall-blossom-2,,,,https://cdn.shopify.com/s/files/1/0910/2642/4090/files/14_0f314f99-0194-491d-9a0b-507dc4c45793.jpg?v=1736583030,kg,,,active
nightfall-blossom-1,,,,,,Gloss,R6#5016,0,shopify,15,deny,manual,2730,,TRUE,TRUE,,,,,,https://cdn.shopify.com/s/files/1/0910/2642/4090/files/Copy_of_IMG_0568.jpg?v=1736583030,2,Nightfall Blossom - Patex Studios,,,,,,,,,,,,,,,,,,,,,,,,,,,,,,https://cdn.shopify.com/s/files/1/0910/2642/4090/files/14_0f314f99-0194-491d-9a0b-507dc4c45793.jpg?v=1736583030,kg,,,
nightfall-blossom-1,,,,,,Gloss,R8#5016,0,shopify,15,deny,manual,3360,,TRUE,TRUE,,,,,,https://cdn.shopify.com/s/files/1/0910/2642/4090/files/15_e1525811-e8af-4e22-839b-aebbb9d96278.jpg?v=1753425625,3,Nightfall Blossom - Patex Studios,,,,,,,,,,,,,,,,,,,,,,,,,,,,,,https://cdn.shopify.com/s/files/1/0910/2642/4090/files/14_0f314f99-0194-491d-9a0b-507dc4c45793.jpg?v=1736583030,kg,,,
nightfall-blossom-1,,,,,,Matt,RM4#5032,0,shopify,15,deny,manual,2099,,TRUE,TRUE,,,,,R4#5016,https://cdn.shopify.com/s/files/1/0910/2642/4090/files/IMG_0556_0cb4dd2e-32ed-4dbe-ac51-601aa12ff5a9.jpg?v=1753425625,4,Nightfall Blossom - Patex Studios,,,,,,,,,,,,,,,,,,,,,,,,,,,,,,https://cdn.shopify.com/s/files/1/0910/2642/4090/files/15_e1525811-e8af-4e22-839b-aebbb9d96278.jpg?v=1753425625,kg,,,
nightfall-blossom-1,,,,,,Matt,RM6#5032,0,shopify,15,deny,manual,2730,,TRUE,TRUE,,,,,R6#5016,https://cdn.shopify.com/s/files/1/0910/2642/4090/files/Frame-34708-1_9f01f61b-7188-4fa0-b5ff-c6a7610c2183.png?v=1753425625,5,Nightfall Blossom - Patex Studios,,,,,,,,,,,,,,,,,,,,,,,,,,,,,,https://cdn.shopify.com/s/files/1/0910/2642/4090/files/15_e1525811-e8af-4e22-839b-aebbb9d96278.jpg?v=1753425625,kg,,,
nightfall-blossom-1,,,,,,Matt,RM8#5032,0,shopify,10,deny,manual,3360,,TRUE,TRUE,,,,,R83#5016,,,,,,,,,,,,,,,,,,,,,,,,,,,,,,,,,https://cdn.shopify.com/s/files/1/0910/2642/4090/files/15_e1525811-e8af-4e22-839b-aebbb9d96278.jpg?v=1753425625,kg,,,
nightfall-blossom-2,Nightfall Blossom Deep Plate,Serving Platters,,TRUE,Finish,Gloss,D4#5016,0,shopify,15,deny,manual,1580,,TRUE,TRUE,,,,,,https://cdn.shopify.com/s/files/1/0910/2642/4090/files/Layer_5.png?v=1739957070,1,Nightfall Blossom - Patex Studios,FALSE,,,3802,,,,,,,,,,,,,,,,,,,,,,nightfall-blossom-1,,,,,kg,,,active
nightfall-blossom-2,,,,,,Gloss,D6#5016,0,shopify,15,deny,manual,1890,,TRUE,TRUE,,,,,,https://cdn.shopify.com/s/files/1/0910/2642/4090/files/IMG_0549.jpg?v=1739957070,2,Nightfall Blossom - Patex Studios,,,,,,,,,,,,,,,,,,,,,,,,,,,,,,,kg,,,
nightfall-blossom-2,,,,,,Gloss,D8#5016,0,shopify,15,deny,manual,2210,,TRUE,TRUE,,,,,,https://cdn.shopify.com/s/files/1/0910/2642/4090/files/IMG_0611.jpg?v=1739957070,3,Nightfall Blossom - Patex Studios,,,,,,,,,,,,,,,,,,,,,,,,,,,,,,,kg,,,
nightfall-blossom-2,,,,,,Matt,DM4#5032,0,shopify,15,deny,manual,1580,,TRUE,TRUE,,,,,D4#5016,https://cdn.shopify.com/s/files/1/0910/2642/4090/files/Frame-34708_2e367e63-0c2d-4af8-aaa5-bfb405972063.webp?v=1739957070,4,Nightfall Blossom - Patex Studios,,,,,,,,,,,,,,,,,,,,,,,,,,,,,,https://cdn.shopify.com/s/files/1/0910/2642/4090/files/IMG_0611.jpg?v=1739957070,kg,,,
nightfall-blossom-2,,,,,,Matt,DM6#5032,0,shopify,15,deny,manual,1890,,TRUE,TRUE,,,,,D6#5016,,,,,,,,,,,,,,,,,,,,,,,,,,,,,,,,,https://cdn.shopify.com/s/files/1/0910/2642/4090/files/IMG_0611.jpg?v=1739957070,kg,,,
nightfall-blossom-2,,,,,,Matt,DM8#5032,0,shopify,16,deny,manual,2210,,TRUE,TRUE,,,,,D8#5016,,,,,,,,,,,,,,,,,,,,,,,,,,,,,,,,,https://cdn.shopify.com/s/files/1/0910/2642/4090/files/IMG_0611.jpg?v=1739957070,kg,,,
ebony-symphony,Ebony Symphony Rice Plate,Serving Platters,,TRUE,Finish,Gloss,R4#5015,0,shopify,15,deny,manual,2099,,TRUE,TRUE,,,,,,https://cdn.shopify.com/s/files/1/0910/2642/4090/files/19_805b62b8-fb80-4c56-8a0e-3c55a9e97323.jpg?v=1736583292,1,Ebony Symphony - Patex Studios,FALSE,,,3802,,,,,,,,,,,,,,,,,,,,,,ebony-symphony-1,,,,https://cdn.shopify.com/s/files/1/0910/2642/4090/files/19_805b62b8-fb80-4c56-8a0e-3c55a9e97323.jpg?v=1736583292,kg,,,active
ebony-symphony,,,,,,Gloss,R6#5015,0,shopify,15,deny,manual,2730,,TRUE,TRUE,,,,,,https://cdn.shopify.com/s/files/1/0910/2642/4090/files/Copy_of_IMG_0565.jpg?v=1736583292,2,Ebony Symphony - Patex Studios,,,,,,,,,,,,,,,,,,,,,,,,,,,,,,https://cdn.shopify.com/s/files/1/0910/2642/4090/files/19_805b62b8-fb80-4c56-8a0e-3c55a9e97323.jpg?v=1736583292,kg,,,
ebony-symphony,,,,,,Gloss,R8#5015,0,shopify,13,deny,manual,3360,,TRUE,TRUE,,,,,,https://cdn.shopify.com/s/files/1/0910/2642/4090/files/18_e86a82be-9482-4a19-b56b-2587acce3591.jpg?v=1753424378,3,Ebony Symphony - Patex Studios,,,,,,,,,,,,,,,,,,,,,,,,,,,,,,https://cdn.shopify.com/s/files/1/0910/2642/4090/files/19_805b62b8-fb80-4c56-8a0e-3c55a9e97323.jpg?v=1736583292,kg,,,
ebony-symphony,,,,,,Matt,RM4#5028,0,shopify,15,deny,manual,2099,,TRUE,TRUE,,,,,R4#5015,https://cdn.shopify.com/s/files/1/0910/2642/4090/files/IMG_0552.jpg?v=1753424378,4,Ebony Symphony - Patex Studios,,,,,,,,,,,,,,,,,,,,,,,,,,,,,,https://cdn.shopify.com/s/files/1/0910/2642/4090/files/18_e86a82be-9482-4a19-b56b-2587acce3591.jpg?v=1753424378,kg,,,
ebony-symphony,,,,,,Matt,RM6#5028,0,shopify,14,deny,manual,2730,,TRUE,TRUE,,,,,R6#5015,https://cdn.shopify.com/s/files/1/0910/2642/4090/files/Frame-35009-scaled_608b7b6e-8c1d-4750-9309-73623c80d927.webp?v=1753424378,5,Ebony Symphony - Patex Studios,,,,,,,,,,,,,,,,,,,,,,,,,,,,,,https://cdn.shopify.com/s/files/1/0910/2642/4090/files/18_e86a82be-9482-4a19-b56b-2587acce3591.jpg?v=1753424378,kg,,,
ebony-symphony,,,,,,Matt,RM8#5028,0,shopify,15,deny,manual,3360,,TRUE,TRUE,,,,,R8#5015,,,,,,,,,,,,,,,,,,,,,,,,,,,,,,,,,https://cdn.shopify.com/s/files/1/0910/2642/4090/files/18_e86a82be-9482-4a19-b56b-2587acce3591.jpg?v=1753424378,kg,,,
ebony-symphony-1,Ebony Symphony Deep Plate,Serving Platters,Our Best Selling Product​,TRUE,Finish,Gloss,D4#5015,0,shopify,14,deny,manual,1580,,TRUE,TRUE,,,,,,https://cdn.shopify.com/s/files/1/0910/2642/4090/files/Layer_6.png?v=1739957025,1,Ebony Symphony - Patex Studios,FALSE,,,3802,,,,,,,,,,,,,,,,,,,,,,ebony-symphony,,,,,kg,,,active
ebony-symphony-1,,,,,,Gloss,D6#5015,0,shopify,15,deny,manual,1890,,TRUE,TRUE,,,,,,https://cdn.shopify.com/s/files/1/0910/2642/4090/files/IMG_0582.jpg?v=1739957025,2,Ebony Symphony - Patex Studios,,,,,,,,,,,,,,,,,,,,,,,,,,,,,,,kg,,,
ebony-symphony-1,,,,,,Gloss,D8#5015,0,shopify,15,deny,manual,2210,,TRUE,TRUE,,,,,,https://cdn.shopify.com/s/files/1/0910/2642/4090/files/4_8ca74dad-3083-4fde-a2ca-995b9164b442.jpg?v=1739957025,3,Ebony Symphony - Patex Studios,,,,,,,,,,,,,,,,,,,,,,,,,,,,,,,kg,,,
ebony-symphony-1,,,,,,Matt,DM4#5028,0,shopify,15,deny,manual,1580,,TRUE,TRUE,,,,,D4#5015,https://cdn.shopify.com/s/files/1/0910/2642/4090/files/IMG_0614.jpg?v=1739957025,4,Ebony Symphony - Patex Studios,,,,,,,,,,,,,,,,,,,,,,,,,,,,,,https://cdn.shopify.com/s/files/1/0910/2642/4090/files/4_8ca74dad-3083-4fde-a2ca-995b9164b442.jpg?v=1739957025,kg,,,
ebony-symphony-1,,,,,,Matt,DM6#5028,0,shopify,15,deny,manual,1890,,TRUE,TRUE,,,,,D6#5015,https://cdn.shopify.com/s/files/1/0910/2642/4090/files/Frame-34708_e196c260-b37e-4a8d-9312-2361dacc2154.webp?v=1739957025,5,Ebony Symphony - Patex Studios,,,,,,,,,,,,,,,,,,,,,,,,,,,,,,https://cdn.shopify.com/s/files/1/0910/2642/4090/files/4_8ca74dad-3083-4fde-a2ca-995b9164b442.jpg?v=1739957025,kg,,,
ebony-symphony-1,,,,,,Matt,DM8#5028,0,shopify,15,deny,manual,2210,,TRUE,TRUE,,,,,D8#5015,,,,,,,,,,,,,,,,,,,,,,,,,,,,,,,,,https://cdn.shopify.com/s/files/1/0910/2642/4090/files/4_8ca74dad-3083-4fde-a2ca-995b9164b442.jpg?v=1739957025,kg,,,
floral-whisper,Floral Whisper Deep Plate,Serving Platters,,TRUE,Select Your Serving Size,Pack Of 4,D4#4020,0,shopify,11,deny,manual,1580,0,TRUE,TRUE,,,,,D4#4020,https://cdn.shopify.com/s/files/1/0910/2642/4090/files/A-10-min-2.png?v=1739956978,1,Floral Whisper - Patex Studios,FALSE,,,3802,,,,,,,,,,,,,,,,,,,,,,floral-whisper-2,,,,,kg,,,active
floral-whisper,,,,,,Pack Of 6,D6#4020,0,shopify,6,deny,manual,1890,0,TRUE,TRUE,,,,,D6#4020,https://cdn.shopify.com/s/files/1/0910/2642/4090/files/Floral-Whisper-2.webp?v=1739956978,2,Floral Whisper - Patex Studios,,,,,,,,,,,,,,,,,,,,,,,,,,,,,,,kg,,,
floral-whisper,,,,,,Pack Of 8,D8#4020,0,shopify,9,deny,manual,2210,0,TRUE,TRUE,,,,,D8#4020,https://cdn.shopify.com/s/files/1/0910/2642/4090/files/Floral-Whisper-3.webp?v=1739956978,3,Floral Whisper - Patex Studios,,,,,,,,,,,,,,,,,,,,,,,,,,,,,,,kg,,,
floral-whisper,,,,,,,,,,,,,,,,,,,,,,https://cdn.shopify.com/s/files/1/0910/2642/4090/files/Frame-34708_fbf18e0f-f965-4a4b-9187-c1b9b4151524.webp?v=1739956978,4,Floral Whisper - Patex Studios,,,,,,,,,,,,,,,,,,,,,,,,,,,,,,,,,,
floral-whisper-2,Floral Whisper Rice Plate,Serving Platters,,TRUE,Select Your Serving Size,Pack Of 4,R4#4020,0,shopify,16,deny,manual,2099,0,TRUE,TRUE,,,,,R4#4020,https://cdn.shopify.com/s/files/1/0910/2642/4090/files/A-10-min-1.png?v=1739951850,1,Floral Whisper - Patex Studios,FALSE,,,3802,,,,,,,,,,,,,,,,,,,,,,floral-whisper,,,,,kg,,,active
floral-whisper-2,,,,,,Pack Of 6,R6#4020,0,shopify,0,deny,manual,2730,0,TRUE,TRUE,,,,,R6#4020,https://cdn.shopify.com/s/files/1/0910/2642/4090/files/Floral-Whisper.webp?v=1739951850,2,Floral Whisper - Patex Studios,,,,,,,,,,,,,,,,,,,,,,,,,,,,,,,kg,,,
floral-whisper-2,,,,,,Pack Of 8,R8#4020,0,shopify,14,deny,manual,3360,0,TRUE,TRUE,,,,,R8#4020,https://cdn.shopify.com/s/files/1/0910/2642/4090/files/Floral-Whisper-2-1.webp?v=1739951850,3,Floral Whisper - Patex Studios,,,,,,,,,,,,,,,,,,,,,,,,,,,,,,,kg,,,
floral-whisper-2,,,,,,,,,,,,,,,,,,,,,,https://cdn.shopify.com/s/files/1/0910/2642/4090/files/Frame-35009-scaled_ac29bb53-8f4b-4da1-8130-abca4c069574.webp?v=1739951850,4,Floral Whisper - Patex Studios,,,,,,,,,,,,,,,,,,,,,,,,,,,,,,,,,,
pastel-petals,Pastel Petals Deep Plate,Serving Platters,,TRUE,Select Your Serving Size,Pack Of 4,D4#5013,0,shopify,17,deny,manual,1580,0,TRUE,TRUE,,,,,D4#5013,https://cdn.shopify.com/s/files/1/0910/2642/4090/files/A-13-min-1.png?v=1739956925,1,Pastel Petals - Patex Studios,FALSE,,,3802,,,,,,,,,,,,,,,,,,,,,,pastel-petals-2,,,,,kg,,,active
pastel-petals,,,,,,Pack Of 6,D6#5013,0,shopify,19,deny,manual,1890,0,TRUE,TRUE,,,,,D6#5013,https://cdn.shopify.com/s/files/1/0910/2642/4090/files/Frame-34708_1d3d8611-ba40-45a8-b1ee-05b3a30b2f89.webp?v=1739956925,2,Pastel Petals - Patex Studios,,,,,,,,,,,,,,,,,,,,,,,,,,,,,,,kg,,,
pastel-petals,,,,,,Pack Of 8,D8#5013,0,shopify,15,deny,manual,2210,0,TRUE,TRUE,,,,,D8#5013,https://cdn.shopify.com/s/files/1/0910/2642/4090/files/Pastel-Petals.webp?v=1739956925,3,Pastel Petals - Patex Studios,,,,,,,,,,,,,,,,,,,,,,,,,,,,,,,kg,,,
pastel-petals,,,,,,,,,,,,,,,,,,,,,,https://cdn.shopify.com/s/files/1/0910/2642/4090/files/Pastel-Petals-2.webp?v=1739956925,4,Pastel Petals - Patex Studios,,,,,,,,,,,,,,,,,,,,,,,,,,,,,,,,,,
pastel-petals-2,Pastel Petals Rice Plate,Serving Platters,,TRUE,Select Your Serving Size,Pack Of 4,R4#5013,0,shopify,18,deny,manual,2099,0,TRUE,TRUE,,,,,R4#5013,https://cdn.shopify.com/s/files/1/0910/2642/4090/files/A-13-min.png?v=1739951771,1,Pastel Petals - Patex Studios,FALSE,,,3802,,,,,,,,,,,,,,,,,,,,,,pastel-petals,,,,,kg,,,active
pastel-petals-2,,,,,,Pack Of 6,R6#5013,0,shopify,17,deny,manual,2730,0,TRUE,TRUE,,,,,R6#5013,https://cdn.shopify.com/s/files/1/0910/2642/4090/files/Pastel-Petals-1.webp?v=1739951771,2,Pastel Petals - Patex Studios,,,,,,,,,,,,,,,,,,,,,,,,,,,,,,,kg,,,
pastel-petals-2,,,,,,Pack Of 8,R8#5013,0,shopify,21,deny,manual,3360,0,TRUE,TRUE,,,,,R8#5013,https://cdn.shopify.com/s/files/1/0910/2642/4090/files/Pastel-Petals-2-1.webp?v=1739951771,3,Pastel Petals - Patex Studios,,,,,,,,,,,,,,,,,,,,,,,,,,,,,,,kg,,,
pastel-petals-2,,,,,,,,,,,,,,,,,,,,,,https://cdn.shopify.com/s/files/1/0910/2642/4090/files/Frame-35009-scaled_a44b3a39-708a-468f-9864-17bd55f48724.webp?v=1739951771,4,Pastel Petals - Patex Studios,,,,,,,,,,,,,,,,,,,,,,,,,,,,,,,,,,
noir-chic-1,Noir Chic Rice Plate,Serving Platters,Our Best Selling Product​,TRUE,Finish,Gloss,R4#5012,0,shopify,15,deny,manual,2099,,TRUE,TRUE,,,,,,https://cdn.shopify.com/s/files/1/0910/2642/4090/files/13_3541da8b-1fd8-4fbe-ba0e-56914a82f2bd.jpg?v=1736582965,1,Noir Chic - Patex Studios,FALSE,,,3802,,,,,,,,,,,,,,,,,,,,,,noir-chic,,,,https://cdn.shopify.com/s/files/1/0910/2642/4090/files/13_3541da8b-1fd8-4fbe-ba0e-56914a82f2bd.jpg?v=1736582965,kg,,,active
noir-chic-1,,,,,,Gloss,R6#5012,0,shopify,15,deny,manual,2730,,TRUE,TRUE,,,,,,https://cdn.shopify.com/s/files/1/0910/2642/4090/files/IMG_0558.jpg?v=1736582965,2,Noir Chic - Patex Studios,,,,,,,,,,,,,,,,,,,,,,,,,,,,,,https://cdn.shopify.com/s/files/1/0910/2642/4090/files/13_3541da8b-1fd8-4fbe-ba0e-56914a82f2bd.jpg?v=1736582965,kg,,,
noir-chic-1,,,,,,Gloss,R8#5012,0,shopify,15,deny,manual,3360,,TRUE,TRUE,,,,,,https://cdn.shopify.com/s/files/1/0910/2642/4090/files/12_a8168e3a-260c-495e-acdc-3f3ae013d6dc.jpg?v=1753425220,3,Noir Chic - Patex Studios,,,,,,,,,,,,,,,,,,,,,,,,,,,,,,https://cdn.shopify.com/s/files/1/0910/2642/4090/files/13_3541da8b-1fd8-4fbe-ba0e-56914a82f2bd.jpg?v=1736582965,kg,,,
noir-chic-1,,,,,,Matt,RM4#5027,0,shopify,15,deny,manual,2099,,TRUE,TRUE,,,,,R4#5012,https://cdn.shopify.com/s/files/1/0910/2642/4090/files/IMG_0606.jpg?v=1753425220,4,Noir Chic - Patex Studios,,,,,,,,,,,,,,,,,,,,,,,,,,,,,,https://cdn.shopify.com/s/files/1/0910/2642/4090/files/12_a8168e3a-260c-495e-acdc-3f3ae013d6dc.jpg?v=1753425220,kg,,,
noir-chic-1,,,,,,Matt,RM6#5027,0,shopify,15,deny,manual,2730,,TRUE,TRUE,,,,,R6#5012,https://cdn.shopify.com/s/files/1/0910/2642/4090/files/Frame-35009-scaled_87d9c739-aeab-4908-b27a-ecfab151d79a.webp?v=1753425220,5,Noir Chic - Patex Studios,,,,,,,,,,,,,,,,,,,,,,,,,,,,,,https://cdn.shopify.com/s/files/1/0910/2642/4090/files/12_a8168e3a-260c-495e-acdc-3f3ae013d6dc.jpg?v=1753425220,kg,,,
noir-chic-1,,,,,,Matt,RM8#5027,0,shopify,15,deny,manual,3360,,TRUE,TRUE,,,,,R8#5012,,,,,,,,,,,,,,,,,,,,,,,,,,,,,,,,,https://cdn.shopify.com/s/files/1/0910/2642/4090/files/12_a8168e3a-260c-495e-acdc-3f3ae013d6dc.jpg?v=1753425220,kg,,,
noir-chic,Noir Chic Deep Plate,Serving Platters,Our Best Selling Product​,TRUE,Finish,Gloss,D4#5012,0,shopify,15,deny,manual,1580,,TRUE,TRUE,,,,,,https://cdn.shopify.com/s/files/1/0910/2642/4090/files/Layer_7.png?v=1739956878,1,Noir Chic - Patex Studios,FALSE,,,3802,,,,,,,,,,,,,,,,,,,,,,noir-chic-1,,,,,kg,,,active
noir-chic,,,,,,Gloss,D6#5012,0,shopify,15,deny,manual,1890,,TRUE,TRUE,,,,,,https://cdn.shopify.com/s/files/1/0910/2642/4090/files/IMG_0550.jpg?v=1739956878,2,Noir Chic - Patex Studios,,,,,,,,,,,,,,,,,,,,,,,,,,,,,,,kg,,,
noir-chic,,,,,,Gloss,D8#5012,0,shopify,15,deny,manual,2210,,TRUE,TRUE,,,,,,https://cdn.shopify.com/s/files/1/0910/2642/4090/files/7_fe49f338-5cfa-4979-b659-0238f968f0ae.jpg?v=1739956878,3,Noir Chic - Patex Studios,,,,,,,,,,,,,,,,,,,,,,,,,,,,,,,kg,,,
noir-chic,,,,,,Matt,DM4#5027,0,shopify,15,deny,manual,1580,,TRUE,TRUE,,,,,D4#5012,https://cdn.shopify.com/s/files/1/0910/2642/4090/files/Frame-34708_732eb78f-25b9-442b-bb58-9b8c5d5ddfdf.webp?v=1739956878,4,Noir Chic - Patex Studios,,,,,,,,,,,,,,,,,,,,,,,,,,,,,,https://cdn.shopify.com/s/files/1/0910/2642/4090/files/7_fe49f338-5cfa-4979-b659-0238f968f0ae.jpg?v=1739956878,kg,,,
noir-chic,,,,,,Matt,DM6#5027,0,shopify,15,deny,manual,1890,,TRUE,TRUE,,,,,D6#5012,,,,,,,,,,,,,,,,,,,,,,,,,,,,,,,,,https://cdn.shopify.com/s/files/1/0910/2642/4090/files/7_fe49f338-5cfa-4979-b659-0238f968f0ae.jpg?v=1739956878,kg,,,
noir-chic,,,,,,Matt,DM8#5027,0,shopify,15,deny,manual,2210,,TRUE,TRUE,,,,,D8#5012,,,,,,,,,,,,,,,,,,,,,,,,,,,,,,,,,https://cdn.shopify.com/s/files/1/0910/2642/4090/files/7_fe49f338-5cfa-4979-b659-0238f968f0ae.jpg?v=1739956878,kg,,,
midnight-bloom-2,Midnight Bloom Deep Plate,Serving Platters,,TRUE,Select Your Serving Size,Pack Of 4,D4#4018,0,shopify,17,deny,manual,1580,0,TRUE,TRUE,,,,,D4#4018,https://cdn.shopify.com/s/files/1/0910/2642/4090/files/A-17-min-1.png?v=1739956824,1,Midnight Bloom - Patex Studios,FALSE,,,3802,,,,,,,,,,,,,,,,,,,,,,midnight-bloom,,,,,kg,,,active
midnight-bloom-2,,,,,,Pack Of 6,D6#4018,0,shopify,15,deny,manual,1890,0,TRUE,TRUE,,,,,D6#4018,https://cdn.shopify.com/s/files/1/0910/2642/4090/files/Midnight-Bloom-4.webp?v=1739956824,2,Midnight Bloom - Patex Studios,,,,,,,,,,,,,,,,,,,,,,,,,,,,,,,kg,,,
midnight-bloom-2,,,,,,Pack Of 8,D8#4018,0,shopify,12,deny,manual,2210,0,TRUE,TRUE,,,,,D8#4018,https://cdn.shopify.com/s/files/1/0910/2642/4090/files/Midnight-Bloom-3.webp?v=1739956824,3,Midnight Bloom - Patex Studios,,,,,,,,,,,,,,,,,,,,,,,,,,,,,,,kg,,,
midnight-bloom-2,,,,,,,,,,,,,,,,,,,,,,https://cdn.shopify.com/s/files/1/0910/2642/4090/files/Midnight-Bloom.webp?v=1739956824,4,Midnight Bloom - Patex Studios,,,,,,,,,,,,,,,,,,,,,,,,,,,,,,,,,,
midnight-bloom-2,,,,,,,,,,,,,,,,,,,,,,https://cdn.shopify.com/s/files/1/0910/2642/4090/files/Frame-34708_78bd62fb-27c6-4ecd-b49a-654849d8a1b4.webp?v=1739956824,5,Midnight Bloom - Patex Studios,,,,,,,,,,,,,,,,,,,,,,,,,,,,,,,,,,
midnight-bloom,Midnight Bloom Rice Plate,Serving Platters,Our Best Selling Product​,TRUE,Select Your Serving Size,Pack Of 4,R4#4018,0,shopify,18,deny,manual,2099,0,TRUE,TRUE,,,,,R4#4018,https://cdn.shopify.com/s/files/1/0910/2642/4090/files/A-17-min.png?v=1739951003,1,Midnight Bloom - Patex Studios,FALSE,,,3553,,,,,,,,,,,,,,,,,,,,,,midnight-bloom-2,,,,,kg,,,active
midnight-bloom,,,,,,Pack Of 6,R6#4018,0,shopify,17,deny,manual,2730,0,TRUE,TRUE,,,,,R6#4018,https://cdn.shopify.com/s/files/1/0910/2642/4090/files/Midnight-Bloom-1.webp?v=1739951003,2,Midnight Bloom - Patex Studios,,,,,,,,,,,,,,,,,,,,,,,,,,,,,,,kg,,,
midnight-bloom,,,,,,Pack Of 8,R8#4018,0,shopify,16,deny,manual,3360,0,TRUE,TRUE,,,,,R8#4018,https://cdn.shopify.com/s/files/1/0910/2642/4090/files/Midnight-Bloom-2-1.webp?v=1739951003,3,Midnight Bloom - Patex Studios,,,,,,,,,,,,,,,,,,,,,,,,,,,,,,,kg,,,
midnight-bloom,,,,,,,,,,,,,,,,,,,,,,https://cdn.shopify.com/s/files/1/0910/2642/4090/files/Frame-35009-scaled_f18e87f1-d307-416f-8730-9db8f793309d.webp?v=1739951003,4,Midnight Bloom - Patex Studios,,,,,,,,,,,,,,,,,,,,,,,,,,,,,,,,,,
minimalist-charm,Minimalist Charm Deep Plate,Serving Platters,,TRUE,Select Your Serving Size,Pack Of 4,D4#4022,0,shopify,24,deny,manual,1580,0,TRUE,TRUE,,,,,D4#4022,https://cdn.shopify.com/s/files/1/0910/2642/4090/files/A-20-min-1.png?v=1739956773,1,Minimalist Charm - Patex Studios,FALSE,,,3802,,,,,,,,,,,,,,,,,,,,,,minimalist-charm-2,,,,,kg,,,active
minimalist-charm,,,,,,Pack Of 6,D6#4022,0,shopify,25,deny,manual,1890,0,TRUE,TRUE,,,,,D6#4022,https://cdn.shopify.com/s/files/1/0910/2642/4090/files/Minimalist-Charm.webp?v=1739956773,2,Minimalist Charm - Patex Studios,,,,,,,,,,,,,,,,,,,,,,,,,,,,,,,kg,,,
minimalist-charm,,,,,,Pack Of 8,D8#4022,0,shopify,25,deny,manual,2210,0,TRUE,TRUE,,,,,D8#4022,https://cdn.shopify.com/s/files/1/0910/2642/4090/files/Minimalist-Charm-2.webp?v=1739956773,3,Minimalist Charm - Patex Studios,,,,,,,,,,,,,,,,,,,,,,,,,,,,,,,kg,,,
minimalist-charm,,,,,,,,,,,,,,,,,,,,,,https://cdn.shopify.com/s/files/1/0910/2642/4090/files/Frame-34708_c98de00e-7370-441b-b1b2-acd58925db77.webp?v=1739956773,4,Minimalist Charm - Patex Studios,,,,,,,,,,,,,,,,,,,,,,,,,,,,,,,,,,
minimalist-charm-2,Minimalist Charm Rice Plate,Serving Platters,Our Best Selling Product​,TRUE,Select Your Serving Size,Pack Of 4,R4#4022,0,shopify,24,deny,manual,2099,0,TRUE,TRUE,,,,,R4#4022,https://cdn.shopify.com/s/files/1/0910/2642/4090/files/A-20-min.png?v=1739950941,1,Minimalist Charm - Patex Studios,FALSE,,,3802,,,,,,,,,,,,,,,,,,,,,,minimalist-charm,,,,,kg,,,active
minimalist-charm-2,,,,,,Pack Of 6,R6#4022,0,shopify,24,deny,manual,2730,0,TRUE,TRUE,,,,,R6#4022,https://cdn.shopify.com/s/files/1/0910/2642/4090/files/Minimalist-Charm-1.webp?v=1739950941,2,Minimalist Charm - Patex Studios,,,,,,,,,,,,,,,,,,,,,,,,,,,,,,,kg,,,
minimalist-charm-2,,,,,,Pack Of 8,R8#4022,0,shopify,24,deny,manual,3360,0,TRUE,TRUE,,,,,R8#4022,https://cdn.shopify.com/s/files/1/0910/2642/4090/files/Minimalist-Charm-3.webp?v=1739950941,3,Minimalist Charm - Patex Studios,,,,,,,,,,,,,,,,,,,,,,,,,,,,,,,kg,,,
minimalist-charm-2,,,,,,,,,,,,,,,,,,,,,,https://cdn.shopify.com/s/files/1/0910/2642/4090/files/Minimalist-Charm-2-1.webp?v=1739950941,4,Minimalist Charm - Patex Studios,,,,,,,,,,,,,,,,,,,,,,,,,,,,,,,,,,
minimalist-charm-2,,,,,,,,,,,,,,,,,,,,,,https://cdn.shopify.com/s/files/1/0910/2642/4090/files/Frame-35009-scaled_2b7bdabc-10de-4f87-a7aa-661390f7125c.webp?v=1739950941,5,Minimalist Charm - Patex Studios,,,,,,,,,,,,,,,,,,,,,,,,,,,,,,,,,,
white-melamine,White Melamine Deep Plate,Serving Platters,Our Best Selling Product​,TRUE,Select Your Serving Size,Pack Of 4,D4#4016,0,shopify,26,deny,manual,1580,0,TRUE,TRUE,,,,,D4#4016,https://cdn.shopify.com/s/files/1/0910/2642/4090/files/A-03-min-2.png?v=1739956719,1,White Melamine - Patex Studios,FALSE,,,3802,,,,,,,,,,,,,,,,,,,,,,white-melamine-2,,,,,kg,,,active
white-melamine,,,,,,Pack Of 6,D6#4016,0,shopify,19,deny,manual,1890,0,TRUE,TRUE,,,,,D6#4016,https://cdn.shopify.com/s/files/1/0910/2642/4090/files/White-Melamine.webp?v=1739956719,2,White Melamine - Patex Studios,,,,,,,,,,,,,,,,,,,,,,,,,,,,,,,kg,,,
white-melamine,,,,,,Pack Of 8,D8#4016,0,shopify,23,deny,manual,2210,0,TRUE,TRUE,,,,,D8#4016,https://cdn.shopify.com/s/files/1/0910/2642/4090/files/White-Melamine-2.webp?v=1739956719,3,White Melamine - Patex Studios,,,,,,,,,,,,,,,,,,,,,,,,,,,,,,,kg,,,
white-melamine,,,,,,,,,,,,,,,,,,,,,,https://cdn.shopify.com/s/files/1/0910/2642/4090/files/Frame-35009-scaled_cad5a78a-b8e0-47de-87dc-9b30cfa91958.webp?v=1739956719,4,White Melamine - Patex Studios,,,,,,,,,,,,,,,,,,,,,,,,,,,,,,,,,,
maroon-melamine,Maroon Melamine Deep Plate,Serving Platters,,TRUE,Serving Size,Pack Of 4,DM4#5024,0,shopify,10,deny,manual,1580,,TRUE,TRUE,,,,,,https://cdn.shopify.com/s/files/1/0910/2642/4090/files/Layer_8_42eb394e-0c0d-4541-8bc5-d4c45aec0aad.png?v=1739956670,1,Maroon Melamine - Patex Studios,FALSE,,,3802,,,,,,,,,,,,,,,,,,,,,,red-melamine-2,,,,,kg,,,active
maroon-melamine,,,,,,Pack Of 4,D4#4032,0,shopify,15,deny,manual,1580,,TRUE,TRUE,,,,,D4#4032,https://cdn.shopify.com/s/files/1/0910/2642/4090/files/Group_6_56de4adc-07ea-431a-b06b-cf693f2fd9d2.png?v=1739956670,2,Maroon Matt Melamine - Patex Studios,,,,,,,,,,,,,,,,,,,,,,,,,,,,,,https://cdn.shopify.com/s/files/1/0910/2642/4090/files/DF-2.png?v=1739956670,kg,,,
maroon-melamine,,,,,,Pack Of 6,DM6#5024,0,shopify,6,deny,manual,1890,,TRUE,TRUE,,,,,,https://cdn.shopify.com/s/files/1/0910/2642/4090/files/DF-2.png?v=1739956670,3,Red Melamine - Patex Studios,,,,,,,,,,,,,,,,,,,,,,,,,,,,,,,kg,,,
maroon-melamine,,,,,,Pack Of 6,D6#4032,0,shopify,15,deny,manual,1890,,TRUE,TRUE,,,,,D6#4032,https://cdn.shopify.com/s/files/1/0910/2642/4090/files/RB-2_29678399-27da-4ea8-af10-17707f8ece92.png?v=1739956670,4,Red Melamine - Patex Studios,,,,,,,,,,,,,,,,,,,,,,,,,,,,,,https://cdn.shopify.com/s/files/1/0910/2642/4090/files/DF-2.png?v=1739956670,kg,,,
maroon-melamine,,,,,,Pack Of 8,DM8#5024,0,shopify,8,deny,manual,2210,,TRUE,TRUE,,,,,,https://cdn.shopify.com/s/files/1/0910/2642/4090/files/Group_7_f6e5e031-d190-4d6a-8a5f-04513946f3dc.png?v=1739956670,5,Maroon Matt Melamine - Patex Studios,,,,,,,,,,,,,,,,,,,,,,,,,,,,,,,kg,,,
maroon-melamine,,,,,,Pack Of 8,D8#4032,0,shopify,22,deny,manual,2210,,TRUE,TRUE,,,,,D8#4032,https://cdn.shopify.com/s/files/1/0910/2642/4090/files/Group_8_39ce05c4-3d95-4a67-bf44-a3b7a3df9d5a.png?v=1739956670,6,Maroon Matt Melamine - Patex Studios,,,,,,,,,,,,,,,,,,,,,,,,,,,,,,https://cdn.shopify.com/s/files/1/0910/2642/4090/files/DF-2.png?v=1739956670,kg,,,
black-melamine,Black Melamine Deep Plate,Serving Platters,,TRUE,Serving Size,Pack Of 4,DM4#5023,0,shopify,12,deny,manual,1580,,TRUE,TRUE,,,,,D4#4029,https://cdn.shopify.com/s/files/1/0910/2642/4090/files/Layer_9_45d93a42-3011-40b7-909c-a99c2c29d554.png?v=1739956610,1,Black Melamine - Patex Studios,FALSE,,,3802,,,,,,,,,,,,,,,,,,,,,,black-melamine-1,,,,,kg,,,active
black-melamine,,,,,,Pack Of 4,D4#4029,0,shopify,13,deny,manual,1580,,TRUE,TRUE,,,,,,https://cdn.shopify.com/s/files/1/0910/2642/4090/files/Group_6.png?v=1739956610,2,Black Matt Melamine - Patex Studios,,,,,,,,,,,,,,,,,,,,,,,,,,,,,,https://cdn.shopify.com/s/files/1/0910/2642/4090/files/wdawdda-3.png?v=1739956610,kg,,,
black-melamine,,,,,,Pack Of 6,DM6#5023,0,shopify,17,deny,manual,1890,,TRUE,TRUE,,,,,D6#4029,https://cdn.shopify.com/s/files/1/0910/2642/4090/files/wdawdda-3.png?v=1739956610,3,Black Melamine - Patex Studios,,,,,,,,,,,,,,,,,,,,,,,,,,,,,,,kg,,,
black-melamine,,,,,,Pack Of 6,D6#4029,0,shopify,14,deny,manual,1890,,TRUE,TRUE,,,,,,https://cdn.shopify.com/s/files/1/0910/2642/4090/files/IMG_3037-3-scaled.jpg?v=1739956610,4,Black Melamine - Patex Studios,,,,,,,,,,,,,,,,,,,,,,,,,,,,,,https://cdn.shopify.com/s/files/1/0910/2642/4090/files/wdawdda-3.png?v=1739956610,kg,,,
black-melamine,,,,,,Pack Of 8,DM8#5023,0,shopify,17,deny,manual,2210,,TRUE,TRUE,,,,,D8#4029,https://cdn.shopify.com/s/files/1/0910/2642/4090/files/Black-Melamine.jpg?v=1739956610,5,Black Melamine - Patex Studios,,,,,,,,,,,,,,,,,,,,,,,,,,,,,,,kg,,,
black-melamine,,,,,,Pack Of 8,D8#4029,0,shopify,15,deny,manual,2210,,TRUE,TRUE,,,,,,https://cdn.shopify.com/s/files/1/0910/2642/4090/files/Group_7.png?v=1739956610,6,Black Matt Melamine - Patex Studios,,,,,,,,,,,,,,,,,,,,,,,,,,,,,,https://cdn.shopify.com/s/files/1/0910/2642/4090/files/wdawdda-3.png?v=1739956610,kg,,,
black-melamine,,,,,,,,,,,,,,,,,,,,,,https://cdn.shopify.com/s/files/1/0910/2642/4090/files/Group_8.png?v=1739956610,7,Black Matt Melamine - Patex Studios,,,,,,,,,,,,,,,,,,,,,,,,,,,,,,,,,,
blue-melamine,Blue Melamine Deep Plate,Serving Platters,,TRUE,Select Your Serving Size,Pack Of 4,D4#4043,0,shopify,0,deny,manual,1580,,TRUE,TRUE,,,,,D4#4043,https://cdn.shopify.com/s/files/1/0910/2642/4090/files/Frame-35496_f8acf55f-98d7-4cb8-ac5c-6b2b1b0278d6.png?v=1739956541,1,Blue Melamine - Patex Studios,FALSE,,,3802,,,,,,,,,,,,,,,,,,,,,,blue-melamine-2,,,,,kg,,,active
blue-melamine,,,,,,Pack Of 6,D6#4043,0,shopify,0,deny,manual,1890,,TRUE,TRUE,,,,,D6#4043,https://cdn.shopify.com/s/files/1/0910/2642/4090/files/IMG_3103-scaled.jpg?v=1739956541,2,Blue Melamine - Patex Studios,,,,,,,,,,,,,,,,,,,,,,,,,,,,,,,kg,,,
blue-melamine,,,,,,Pack Of 8,D8#4043,0,shopify,0,deny,manual,2210,,TRUE,TRUE,,,,,D8#4043,https://cdn.shopify.com/s/files/1/0910/2642/4090/files/DB-1.png?v=1739956541,3,Blue Melamine - Patex Studios,,,,,,,,,,,,,,,,,,,,,,,,,,,,,,,kg,,,
blue-melamine,,,,,,,,,,,,,,,,,,,,,,https://cdn.shopify.com/s/files/1/0910/2642/4090/files/4-2-3.png?v=1739956541,4,Blue Melamine - Patex Studios,,,,,,,,,,,,,,,,,,,,,,,,,,,,,,,,,,
crimson-elegance,Crimson Elegance Deep Plate,Serving Platters,,TRUE,Select Your Serving Size,Pack Of 4,D4#4021,0,shopify,9,deny,manual,1580,0,TRUE,TRUE,,,,,D4#4021,https://cdn.shopify.com/s/files/1/0910/2642/4090/files/A-22-min-1.png?v=1739956498,1,Crimson Elegance - Patex Studios,FALSE,,,3802,,,,,,,,,,,,,,,,,,,,,,crimson-elegance-2,,,,,kg,,,active
crimson-elegance,,,,,,Pack Of 6,D6#4021,0,shopify,16,deny,manual,1890,0,TRUE,TRUE,,,,,D6#4021,https://cdn.shopify.com/s/files/1/0910/2642/4090/files/Crimson-Elegance-2.webp?v=1739956498,2,Crimson Elegance - Patex Studios,,,,,,,,,,,,,,,,,,,,,,,,,,,,,,,kg,,,
crimson-elegance,,,,,,Pack Of 8,D8#4021,0,shopify,9,deny,manual,2210,0,TRUE,TRUE,,,,,D8#4021,https://cdn.shopify.com/s/files/1/0910/2642/4090/files/Crimson-Elegance.webp?v=1739956498,3,Crimson Elegance - Patex Studios,,,,,,,,,,,,,,,,,,,,,,,,,,,,,,,kg,,,
crimson-elegance,,,,,,,,,,,,,,,,,,,,,,https://cdn.shopify.com/s/files/1/0910/2642/4090/files/Frame-34708.webp?v=1739956498,4,Crimson Elegance - Patex Studios,,,,,,,,,,,,,,,,,,,,,,,,,,,,,,,,,,
crimson-elegance-2,Crimson Elegance Rice Plate,Serving Platters,,TRUE,Select Your Serving Size,Pack Of 4,R4#4021,0,shopify,23,deny,manual,2099,0,TRUE,TRUE,,,,,R4#4021,https://cdn.shopify.com/s/files/1/0910/2642/4090/files/A-22-min.png?v=1739950868,1,Crimson Elegance - Patex Studios,FALSE,,,3802,,,,,,,,,,,,,,,,,,,,,,crimson-elegance,,,,,kg,,,active
crimson-elegance-2,,,,,,Pack Of 6,R6#4021,0,shopify,24,deny,manual,2730,0,TRUE,TRUE,,,,,R6#4021,https://cdn.shopify.com/s/files/1/0910/2642/4090/files/Frame-34708-1.png?v=1739950868,2,Crimson Elegance - Patex Studios,,,,,,,,,,,,,,,,,,,,,,,,,,,,,,,kg,,,
crimson-elegance-2,,,,,,Pack Of 8,R8#4021,0,shopify,24,deny,manual,3360,0,TRUE,TRUE,,,,,R8#4021,https://cdn.shopify.com/s/files/1/0910/2642/4090/files/6-1-1.png?v=1739950868,3,Crimson Elegance - Patex Studios,,,,,,,,,,,,,,,,,,,,,,,,,,,,,,,kg,,,
blue-melamine-2,Blue Melamine Rice Plate,Serving Platters,,TRUE,Select Your Serving Size,Pack Of 4,R4#4043,0,shopify,0,deny,manual,2099,,TRUE,TRUE,,,,,R4#4043,https://cdn.shopify.com/s/files/1/0910/2642/4090/files/Frame-35496_964661b8-44d1-4b42-b83d-b9abd497bb25.png?v=1739951696,1,Blue Melamine - Patex Studios,FALSE,,,3802,,,,,,,,,,,,,,,,,,,,,,blue-melamine,,,,,kg,,,active
blue-melamine-2,,,,,,Pack Of 6,R6#4043,0,shopify,0,deny,manual,2730,,TRUE,TRUE,,,,,R6#4043,https://cdn.shopify.com/s/files/1/0910/2642/4090/files/IMG_3104-scaled.jpg?v=1739951696,2,Blue Melamine - Patex Studios,,,,,,,,,,,,,,,,,,,,,,,,,,,,,,,kg,,,
blue-melamine-2,,,,,,Pack Of 8,R8#4043,0,shopify,0,deny,manual,3360,,TRUE,TRUE,,,,,R8#4043,https://cdn.shopify.com/s/files/1/0910/2642/4090/files/RB-1.png?v=1739951696,3,Blue Melamine - Patex Studios,,,,,,,,,,,,,,,,,,,,,,,,,,,,,,,kg,,,
black-melamine-1,Black Melamine Rice Plate,Serving Platters,,TRUE,Serving Size,Pack Of 4,RM4#5023,0,shopify,14,deny,manual,2099,,TRUE,TRUE,,,,,R4#4029,https://cdn.shopify.com/s/files/1/0910/2642/4090/files/Group_3_8b898366-d948-48b3-b5dc-29590473e94b.png?v=1739951624,1,Black Melamine - Patex Studios,FALSE,,,3802,,,,,,,,,,,,,,,,,,,,,,black-melamine,,,,,kg,,,active
black-melamine-1,,,,,,Pack Of 4,R4#4029,0,shopify,14,deny,manual,2099,,TRUE,TRUE,,,,,,https://cdn.shopify.com/s/files/1/0910/2642/4090/files/Group_6_f92c25a4-9916-41c6-a8de-cff78d21dc22.png?v=1739951624,2,Black Matt Melamine Rice Plate - Patex Studios,,,,,,,,,,,,,,,,,,,,,,,,,,,,,,https://cdn.shopify.com/s/files/1/0910/2642/4090/files/wdawdda-4.png?v=1739951624,kg,,,
black-melamine-1,,,,,,Pack Of 6,RM6#5023,0,shopify,15,deny,manual,2730,,TRUE,TRUE,,,,,R6#4029,https://cdn.shopify.com/s/files/1/0910/2642/4090/files/wdawdda-4.png?v=1739951624,3,Black Melamine - Patex Studios,,,,,,,,,,,,,,,,,,,,,,,,,,,,,,,kg,,,
black-melamine-1,,,,,,Pack Of 6,R6#4029,0,shopify,15,deny,manual,2730,,TRUE,TRUE,,,,,,https://cdn.shopify.com/s/files/1/0910/2642/4090/files/IMG_3100-scaled.jpg?v=1739951624,4,Black Melamine - Patex Studios,,,,,,,,,,,,,,,,,,,,,,,,,,,,,,https://cdn.shopify.com/s/files/1/0910/2642/4090/files/wdawdda-4.png?v=1739951624,kg,,,
black-melamine-1,,,,,,Pack Of 8,RM8#5023,0,shopify,48,deny,manual,3360,,TRUE,TRUE,,,,,R8#4029,https://cdn.shopify.com/s/files/1/0910/2642/4090/files/Group_8_copy.png?v=1739951624,5,Black Matt Melamine Rice Plate - Patex Studios,,,,,,,,,,,,,,,,,,,,,,,,,,,,,,,kg,,,
black-melamine-1,,,,,,Pack Of 8,R8#4029,0,shopify,18,deny,manual,3360,,TRUE,TRUE,,,,,,https://cdn.shopify.com/s/files/1/0910/2642/4090/files/Group_9_copy.png?v=1739951624,6,Black Matt Melamine Rice Plate - Patex Studios,,,,,,,,,,,,,,,,,,,,,,,,,,,,,,https://cdn.shopify.com/s/files/1/0910/2642/4090/files/wdawdda-4.png?v=1739951624,kg,,,
red-melamine-2,Maroon Melamine Rice Plate,Serving Platters,,TRUE,Serving Size,Pack Of 4,RM4#5024,0,shopify,17,deny,manual,2099,,TRUE,TRUE,,,,,,https://cdn.shopify.com/s/files/1/0910/2642/4090/files/Group_3_63d78f2d-966b-4b92-975b-cb2e097aa793.png?v=1739951532,1,Maroon Melamine - Patex Studios,FALSE,,,3802,,,,,,,,,,,,,,,,,,,,,,maroon-melamine,,,,,kg,,,active
red-melamine-2,,,,,,Pack Of 4,R4#4032,0,shopify,21,deny,manual,2099,,TRUE,TRUE,,,,,R4#4032,https://cdn.shopify.com/s/files/1/0910/2642/4090/files/Group_6_c74653dd-269c-4456-87b8-665c67faa81c.png?v=1739951532,2,Maroon Matt Melamine Rice Plate - Patex Studios,,,,,,,,,,,,,,,,,,,,,,,,,,,,,,https://cdn.shopify.com/s/files/1/0910/2642/4090/files/RF-2.png?v=1739951532,kg,,,
red-melamine-2,,,,,,Pack Of 6,RM6#5024,0,shopify,10,deny,manual,2730,,TRUE,TRUE,,,,,,https://cdn.shopify.com/s/files/1/0910/2642/4090/files/RF-2.png?v=1739951532,3,Red Melamine - Patex Studios,,,,,,,,,,,,,,,,,,,,,,,,,,,,,,,kg,,,
red-melamine-2,,,,,,Pack Of 6,R6#4032,0,shopify,21,deny,manual,2730,,TRUE,TRUE,,,,,R6#4032,https://cdn.shopify.com/s/files/1/0910/2642/4090/files/RB-2.png?v=1739951532,4,Red Melamine - Patex Studios,,,,,,,,,,,,,,,,,,,,,,,,,,,,,,https://cdn.shopify.com/s/files/1/0910/2642/4090/files/RF-2.png?v=1739951532,kg,,,
red-melamine-2,,,,,,Pack Of 8,RM8#5024,0,shopify,17,deny,manual,3360,,TRUE,TRUE,,,,,,https://cdn.shopify.com/s/files/1/0910/2642/4090/files/Red-Melamine-2.webp?v=1739951532,5,Red Melamine - Patex Studios,,,,,,,,,,,,,,,,,,,,,,,,,,,,,,,kg,,,
red-melamine-2,,,,,,Pack Of 8,R8#4032,0,shopify,14,deny,manual,3360,,TRUE,TRUE,,,,,R8#4032,https://cdn.shopify.com/s/files/1/0910/2642/4090/files/Red-Melamine-3.webp?v=1739951532,6,Red Melamine - Patex Studios,,,,,,,,,,,,,,,,,,,,,,,,,,,,,,https://cdn.shopify.com/s/files/1/0910/2642/4090/files/RF-2.png?v=1739951532,kg,,,
red-melamine-2,,,,,,,,,,,,,,,,,,,,,,https://cdn.shopify.com/s/files/1/0910/2642/4090/files/Red-Melamine.webp?v=1739951532,7,Red Melamine - Patex Studios,,,,,,,,,,,,,,,,,,,,,,,,,,,,,,,,,,
red-melamine-2,,,,,,,,,,,,,,,,,,,,,,https://cdn.shopify.com/s/files/1/0910/2642/4090/files/Group_8_169ed798-d294-40be-beca-3d64b78b19b5.png?v=1739951532,8,Maroon Matt Melamine Rice Plate - Patex Studios,,,,,,,,,,,,,,,,,,,,,,,,,,,,,,,,,,
red-melamine-2,,,,,,,,,,,,,,,,,,,,,,https://cdn.shopify.com/s/files/1/0910/2642/4090/files/Group_9.png?v=1739951532,9,Maroon Matt Melamine Rice Plate - Patex Studios,,,,,,,,,,,,,,,,,,,,,,,,,,,,,,,,,,
white-melamine-2,White Melamine Rice Plate,Serving Platters,,TRUE,Select Your Serving Size,Pack Of 4,R4#4016,0,shopify,28,deny,manual,2099,0,TRUE,TRUE,,,,,R4#4016,https://cdn.shopify.com/s/files/1/0910/2642/4090/files/A-03-min-1.png?v=1739951126,1,White Melamine - Patex Studios,FALSE,,,3802,,,,,,,,,,,,,,,,,,,,,,white-melamine,,,,,kg,,,active
white-melamine-2,,,,,,Pack Of 6,R6#4016,0,shopify,20,deny,manual,2730,0,TRUE,TRUE,,,,,R6#4016,https://cdn.shopify.com/s/files/1/0910/2642/4090/files/White.webp?v=1739951126,2,White Melamine - Patex Studios,,,,,,,,,,,,,,,,,,,,,,,,,,,,,,,kg,,,
white-melamine-2,,,,,,Pack Of 8,R8#4016,0,shopify,25,deny,manual,3360,0,TRUE,TRUE,,,,,R8#4016,https://cdn.shopify.com/s/files/1/0910/2642/4090/files/White-2.webp?v=1739951126,3,White Melamine - Patex Studios,,,,,,,,,,,,,,,,,,,,,,,,,,,,,,,kg,,,
white-melamine-2,,,,,,,,,,,,,,,,,,,,,,https://cdn.shopify.com/s/files/1/0910/2642/4090/files/Frame-35009-scaled.webp?v=1739951126,4,White Melamine - Patex Studios,,,,,,,,,,,,,,,,,,,,,,,,,,,,,,,,,,
